{
  "dataset": "co2",
  "model": "mlp",
  "mse": 123310.54505761268,
  "params": {
    "epochs": 100,
    "hidden": [
      64,
      64
    ],
    "lr": 0.0001
  },
  "tr_losses": [
    0.7499979734420776,
    0.7445347905158997,
    0.7391047477722168,
    0.7337058186531067,
    0.7283390164375305,
    0.7230031490325928,
    0.7177004218101501,
    0.7124296426773071,
    0.707188606262207,
    0.7019825577735901,
    0.6968138813972473,
    0.6916924118995667,
    0.6866322755813599,
    0.6816335916519165,
    0.6766923666000366,
    0.671799898147583,
    0.6669464707374573,
    0.6621288061141968,
    0.6573455929756165,
    0.6526005864143372,
    0.6479080319404602,
    0.6432787179946899,
    0.638731837272644,
    0.6342560052871704,
    0.629832923412323,
    0.6254578232765198,
    0.6211283206939697,
    0.6168488264083862,
    0.6126179695129395,
    0.6084290146827698,
    0.6042795777320862,
    0.600165069103241,
    0.5960817337036133,
    0.592026948928833,
    0.5879997611045837,
    0.5839993357658386,
    0.5800237059593201,
    0.5760746002197266,
    0.5721502304077148,
    0.568249523639679,
    0.5643742680549622,
    0.5605220198631287,
    0.556689441204071,
    0.552874743938446,
    0.549078643321991,
    0.5452999472618103,
    0.5415376424789429,
    0.537793755531311,
    0.5340674519538879,
    0.5303605794906616,
    0.5266756415367126,
    0.5230125188827515,
    0.5193684101104736,
    0.5157405138015747,
    0.5121246576309204,
    0.5085214376449585,
    0.5049296021461487,
    0.5013477206230164,
    0.4977771043777466,
    0.4942180812358856,
    0.49066826701164246,
    0.48712703585624695,
    0.48359543085098267,
    0.48007428646087646,
    0.47656235098838806,
    0.4730592370033264,
    0.46956396102905273,
    0.46607720851898193,
    0.46259745955467224,
    0.4591246247291565,
    0.4556583762168884,
    0.4521990120410919,
    0.4487464725971222,
    0.44529998302459717,
    0.4418577551841736,
    0.4384205937385559,
    0.43498870730400085,
    0.4315633177757263,
    0.4281466007232666,
    0.4247402846813202,
    0.42134642601013184,
    0.4179633855819702,
    0.4145894944667816,
    0.4112251102924347,
    0.40786921977996826,
    0.40452200174331665,
    0.40118277072906494,
    0.3978501558303833,
    0.3945244252681732,
    0.39120569825172424,
    0.3878927528858185,
    0.38458630442619324,
    0.38128504157066345,
    0.37798869609832764,
    0.37469741702079773,
    0.3714103698730469,
    0.36812740564346313,
    0.364849328994751,
    0.36157578229904175,
    0.3583058714866638
  ],
  "val_losses": [
    1.114280104637146,
    1.1075654029846191,
    1.100853681564331,
    1.0941498279571533,
    1.0874543190002441,
    1.0807790756225586,
    1.0741482973098755,
    1.0676050186157227,
    1.0611525774002075,
    1.0547603368759155,
    1.0484113693237305,
    1.0420751571655273,
    1.0357424020767212,
    1.0294086933135986,
    1.0230697393417358,
    1.0167231559753418,
    1.0103667974472046,
    1.004003643989563,
    0.9976301789283752,
    0.9912447929382324,
    0.9848468899726868,
    0.9784377217292786,
    0.9720162749290466,
    0.9655776619911194,
    0.9591243267059326,
    0.9526528120040894,
    0.9461645483970642,
    0.9396586418151855,
    0.9331328868865967,
    0.9265912771224976,
    0.920034646987915,
    0.9134612083435059,
    0.9068732857704163,
    0.9002723097801208,
    0.893660306930542,
    0.8870355486869812,
    0.8803986310958862,
    0.8737483024597168,
    0.8670836091041565,
    0.8604046106338501,
    0.8537097573280334,
    0.8470014929771423,
    0.840277910232544,
    0.8335393667221069,
    0.8267849683761597,
    0.8200159072875977,
    0.8132325410842896,
    0.8064352869987488,
    0.7996264696121216,
    0.792807400226593,
    0.7859784960746765,
    0.7791397571563721,
    0.7722935676574707,
    0.7654402852058411,
    0.7585801482200623,
    0.7517138719558716,
    0.7448410391807556,
    0.7379627227783203,
    0.7310795187950134,
    0.7241926193237305,
    0.7173024415969849,
    0.7104097008705139,
    0.7035152316093445,
    0.6966193914413452,
    0.6897222995758057,
    0.6828246712684631,
    0.675926685333252,
    0.6690289974212646,
    0.6621328592300415,
    0.6552385687828064,
    0.6483474373817444,
    0.6414604187011719,
    0.6345780491828918,
    0.6277002692222595,
    0.6208277344703674,
    0.6139611005783081,
    0.6071011424064636,
    0.6002482175827026,
    0.5934031009674072,
    0.5865664482116699,
    0.5797387957572937,
    0.5729213356971741,
    0.5661147236824036,
    0.5593199729919434,
    0.5525385141372681,
    0.5457718372344971,
    0.5390205979347229,
    0.5322896242141724,
    0.5255807638168335,
    0.5188952088356018,
    0.5122321248054504,
    0.5055941343307495,
    0.4989803433418274,
    0.4923916757106781,
    0.485827773809433,
    0.4792897403240204,
    0.47277703881263733,
    0.466290682554245,
    0.4598311483860016,
    0.4533994495868683
  ]
}