{
  "dataset": "co2",
  "model": "mlp",
  "mse": 120450.86754020583,
  "params": {
    "epochs": 100,
    "hidden": [
      64,
      64
    ],
    "lr": 0.0001
  },
  "tr_losses": [
    0.8810124397277832,
    0.8756348490715027,
    0.8702812790870667,
    0.8649501204490662,
    0.8596426248550415,
    0.8543604016304016,
    0.8491077423095703,
    0.8438891768455505,
    0.8387066721916199,
    0.8335678577423096,
    0.8284782767295837,
    0.8234435319900513,
    0.8184641003608704,
    0.8135353326797485,
    0.808639645576477,
    0.8037694096565247,
    0.7989228963851929,
    0.7941019535064697,
    0.7893105149269104,
    0.7845512628555298,
    0.7798307538032532,
    0.7751580476760864,
    0.7705469131469727,
    0.7659966945648193,
    0.7614915370941162,
    0.7570213675498962,
    0.7525807023048401,
    0.7481654286384583,
    0.7437730431556702,
    0.7394002676010132,
    0.7350491285324097,
    0.7307167053222656,
    0.7264018058776855,
    0.7221057415008545,
    0.7178300023078918,
    0.7135777473449707,
    0.709354043006897,
    0.7051577568054199,
    0.7009862661361694,
    0.6968362927436829,
    0.6927088499069214,
    0.6886026263237,
    0.684516966342926,
    0.6804517507553101,
    0.6764070987701416,
    0.6723793745040894,
    0.6683669090270996,
    0.6643685698509216,
    0.6603831648826599,
    0.6564092040061951,
    0.6524454355239868,
    0.648491621017456,
    0.6445471048355103,
    0.640611469745636,
    0.6366854310035706,
    0.6327683329582214,
    0.628858745098114,
    0.6249574422836304,
    0.6210635900497437,
    0.6171786785125732,
    0.6133043169975281,
    0.6094401478767395,
    0.6055862307548523,
    0.6017434000968933,
    0.5979124307632446,
    0.5940933227539062,
    0.5902835130691528,
    0.5864832401275635,
    0.5826919674873352,
    0.578908383846283,
    0.5751329660415649,
    0.5713654160499573,
    0.5676057934761047,
    0.5638540387153625,
    0.560112714767456,
    0.5563828349113464,
    0.5526652336120605,
    0.5489606261253357,
    0.5452651381492615,
    0.541576623916626,
    0.5378930568695068,
    0.5342122316360474,
    0.5305320620536804,
    0.5268528461456299,
    0.5231751203536987,
    0.5194985270500183,
    0.5158228874206543,
    0.5121477246284485,
    0.5084742903709412,
    0.5048027634620667,
    0.5011332631111145,
    0.49746593832969666,
    0.4938015937805176,
    0.4901399314403534,
    0.4864806532859802,
    0.4828242063522339,
    0.47917115688323975,
    0.47552043199539185,
    0.4718722105026245,
    0.46822670102119446
  ],
  "val_losses": [
    1.2738391160964966,
    1.2685215473175049,
    1.2631864547729492,
    1.2578476667404175,
    1.2525118589401245,
    1.2471864223480225,
    1.2418553829193115,
    1.2365165948867798,
    1.2311800718307495,
    1.2258459329605103,
    1.2205085754394531,
    1.2151724100112915,
    1.2098345756530762,
    1.2044919729232788,
    1.199145793914795,
    1.1937981843948364,
    1.1884485483169556,
    1.183097004890442,
    1.1777377128601074,
    1.1723679304122925,
    1.1669920682907104,
    1.1616026163101196,
    1.1561986207962036,
    1.1507830619812012,
    1.1453531980514526,
    1.1399070024490356,
    1.1344457864761353,
    1.1289658546447754,
    1.1234657764434814,
    1.1179413795471191,
    1.112390398979187,
    1.1068100929260254,
    1.101203203201294,
    1.095563530921936,
    1.0898874998092651,
    1.0841771364212036,
    1.0784443616867065,
    1.0726925134658813,
    1.0669306516647339,
    1.061163306236267,
    1.0553942918777466,
    1.049625277519226,
    1.0438536405563354,
    1.038079023361206,
    1.0323033332824707,
    1.0265257358551025,
    1.0207459926605225,
    1.014965534210205,
    1.0091817378997803,
    1.0033957958221436,
    0.9976081848144531,
    0.9918192028999329,
    0.9860283136367798,
    0.9802360534667969,
    0.9744424819946289,
    0.9686475396156311,
    0.96285080909729,
    0.9570534229278564,
    0.9512546062469482,
    0.9454551339149475,
    0.9396545886993408,
    0.9338541626930237,
    0.928053617477417,
    0.9222542643547058,
    0.9164553284645081,
    0.9106562733650208,
    0.9048579335212708,
    0.899060070514679,
    0.8932619690895081,
    0.8874647617340088,
    0.8816682696342468,
    0.8758726716041565,
    0.8700771331787109,
    0.8642825484275818,
    0.8584886193275452,
    0.8526959419250488,
    0.8469049334526062,
    0.8411160111427307,
    0.8353292346000671,
    0.8295455574989319,
    0.8237650394439697,
    0.8179884552955627,
    0.8122211694717407,
    0.8064799308776855,
    0.8007730841636658,
    0.7950966954231262,
    0.7894495725631714,
    0.7838360667228699,
    0.7782632112503052,
    0.772728443145752,
    0.767229437828064,
    0.7617582678794861,
    0.7563156485557556,
    0.7508972883224487,
    0.7455055117607117,
    0.7401355504989624,
    0.7347849607467651,
    0.7294563055038452,
    0.7241467833518982,
    0.7188579440116882
  ]
}