{
  "dataset": "co2",
  "model": "kan",
  "mse": 114944.25727592057,
  "params": {
    "epochs": 100,
    "grid": 5,
    "hidden": [
      5,
      5
    ],
    "k": 3,
    "lamb_entropy": 0.0,
    "lamb_l1": 0.0,
    "lr": 0.01,
    "opt": "Adam"
  },
  "tr_losses": [
    0.6818783515269445,
    0.5439402035663811,
    0.43650444229110913,
    0.7179966003000042,
    0.4230398844039478
  ],
  "val_losses": [
    1.3721935218099446,
    1.2904391836977571,
    1.2718706812866478,
    1.6570897651196557,
    1.3938311313151137
  ]
}