{
  "dataset": "co2",
  "model": "kan",
  "mse": 115390.92143691973,
  "params": {
    "epochs": 100,
    "grid": 5,
    "hidden": [
      2
    ],
    "k": 3,
    "lamb_entropy": 0.0,
    "lamb_l1": 0.0,
    "lr": 0.001,
    "opt": "Adam"
  },
  "tr_losses": [
    0.7208179950120851,
    0.6991263702009295,
    0.6771990714865679,
    0.6544593126019,
    0.6220295780056962,
    0.344772454760328,
    0.1375023153579971,
    0.1116442082053004,
    0.09777724560701735,
    0.08354356166279499
  ],
  "val_losses": [
    1.598895440293999,
    1.5210667334376242,
    1.4775807997001824,
    1.3960538532375204,
    1.3213248596570533,
    1.343265392817347,
    1.909617529754633,
    1.4095602254992967,
    1.1820538953208775,
    0.9656602333469857
  ]
}