{
  "dataset": "co2",
  "model": "lstm",
  "mse": 114128.6354823381,
  "params": {
    "dropout": 0.0,
    "epochs": 100,
    "hidden_size": 64,
    "lr": 0.0001,
    "num_layers": 1
  },
  "tr_losses": [
    0.7208158373832703,
    0.7192861437797546,
    0.7177615165710449,
    0.7162418961524963,
    0.7147270441055298,
    0.71321702003479,
    0.7117118835449219,
    0.7102113962173462,
    0.708715558052063,
    0.7072242498397827,
    0.7057374715805054,
    0.7042550444602966,
    0.7027769088745117,
    0.7013028860092163,
    0.6998330950737,
    0.698367178440094,
    0.6969051957130432,
    0.6954469680786133,
    0.6939924359321594,
    0.6925414204597473,
    0.6910936236381531,
    0.6896490454673767,
    0.6882075667381287,
    0.6867689490318298,
    0.6853329539299011,
    0.683899462223053,
    0.6824684143066406,
    0.6810393929481506,
    0.679612398147583,
    0.6781871318817139,
    0.6767634749412537,
    0.6753410696983337,
    0.6739197969436646,
    0.6724995970726013,
    0.6710801124572754,
    0.6696612238883972,
    0.6682425737380981,
    0.6668241024017334,
    0.6654055714607239,
    0.6639867424964905,
    0.6625673174858093,
    0.6611472964286804,
    0.659726083278656,
    0.6583039164543152,
    0.656880259513855,
    0.6554550528526306,
    0.6540279388427734,
    0.6525987982749939,
    0.6511673927307129,
    0.6497334837913513,
    0.6482968330383301,
    0.6468571424484253,
    0.6454142332077026,
    0.6439680457115173,
    0.6425181031227112,
    0.6410642862319946,
    0.6396063566207886,
    0.6381440758705139,
    0.6366770267486572,
    0.6352051496505737,
    0.6337281465530396,
    0.6322458982467651,
    0.6307579874992371,
    0.6292641162872314,
    0.6277641654014587,
    0.6262577772140503,
    0.6247447729110718,
    0.623224675655365,
    0.6216974854469299,
    0.6201627850532532,
    0.6186201572418213,
    0.6170695424079895,
    0.6155106425285339,
    0.6139428615570068,
    0.6123661398887634,
    0.6107801795005798,
    0.6091843843460083,
    0.6075788140296936,
    0.6059628129005432,
    0.604336142539978,
    0.6026984453201294,
    0.6010494232177734,
    0.5993885397911072,
    0.5977156162261963,
    0.596030056476593,
    0.594331681728363,
    0.5926198959350586,
    0.590894341468811,
    0.5891546010971069,
    0.5874002575874329,
    0.5856308341026306,
    0.5838456749916077,
    0.5820446014404297,
    0.5802270770072937,
    0.5783923268318176,
    0.5765401721000671,
    0.5746698379516602,
    0.5727809071540833,
    0.5708727240562439,
    0.5689448714256287
  ],
  "val_losses": [
    1.6709849834442139,
    1.6706874370574951,
    1.6703885793685913,
    1.6700881719589233,
    1.6697869300842285,
    1.6694855690002441,
    1.669184923171997,
    1.6688851118087769,
    1.6685870885849,
    1.6682910919189453,
    1.6679970026016235,
    1.6677050590515137,
    1.6674147844314575,
    1.6671262979507446,
    1.6668394804000854,
    1.6665539741516113,
    1.6662702560424805,
    1.665987491607666,
    1.6657060384750366,
    1.66542649269104,
    1.6651482582092285,
    1.6648714542388916,
    1.6645963191986084,
    1.6643229722976685,
    1.6640512943267822,
    1.663781762123108,
    1.663514256477356,
    1.663248896598816,
    1.6629858016967773,
    1.6627249717712402,
    1.6624667644500732,
    1.6622107028961182,
    1.6619575023651123,
    1.661706566810608,
    1.6614580154418945,
    1.6612120866775513,
    1.66096830368042,
    1.6607270240783691,
    1.6604881286621094,
    1.660251259803772,
    1.6600165367126465,
    1.6597837209701538,
    1.6595529317855835,
    1.6593241691589355,
    1.6590970754623413,
    1.6588718891143799,
    1.658647894859314,
    1.6584256887435913,
    1.6582047939300537,
    1.6579853296279907,
    1.6577671766281128,
    1.6575502157211304,
    1.657334327697754,
    1.657119631767273,
    1.6569058895111084,
    1.6566931009292603,
    1.656481146812439,
    1.656269907951355,
    1.6560598611831665,
    1.6558502912521362,
    1.6556413173675537,
    1.6554330587387085,
    1.6552256345748901,
    1.65501868724823,
    1.654812216758728,
    1.654606580734253,
    1.654401421546936,
    1.6541966199874878,
    1.6539926528930664,
    1.6537892818450928,
    1.6535863876342773,
    1.6533838510513306,
    1.6531822681427002,
    1.652981162071228,
    1.6527806520462036,
    1.6525808572769165,
    1.6523818969726562,
    1.6521835327148438,
    1.6519861221313477,
    1.6517893075942993,
    1.6515933275222778,
    1.6513984203338623,
    1.6512044668197632,
    1.6510114669799805,
    1.6508194208145142,
    1.6506285667419434,
    1.6504387855529785,
    1.6502503156661987,
    1.6500627994537354,
    1.649876356124878,
    1.6496914625167847,
    1.6495078802108765,
    1.6493257284164429,
    1.6491446495056152,
    1.6489651203155518,
    1.6487869024276733,
    1.64860999584198,
    1.6484347581863403,
    1.6482607126235962,
    1.6480880975723267
  ]
}