{
  "dataset": "daily_temp",
  "model": "kan",
  "mse": 123.05740834696229,
  "params": {
    "epochs": 100,
    "grid": 5,
    "hidden": [
      2,
      2
    ],
    "k": 3,
    "lamb_entropy": 0.01,
    "lamb_l1": 0.0001,
    "lr": 0.001,
    "opt": "Adam"
  },
  "tr_losses": [
    0.9736034615235791,
    0.9558668443819204,
    0.9360893666922965,
    0.9155893271002814,
    0.8940622986384571,
    0.8711115434771032,
    0.8474201411321274,
    0.8240053670297515,
    0.8018757443166459,
    0.7772068228904659
  ],
  "val_losses": [
    1.0965175841724117,
    1.0735883045176209,
    1.0477873626061813,
    1.0197776599053496,
    0.9920030744732176,
    0.9631396357143467,
    0.9336612712043384,
    0.9048799661385576,
    0.8772433485195386,
    0.8457202540497896
  ]
}