{
  "dataset": "daily_temp",
  "model": "mlp",
  "mse": 131.88478988966278,
  "params": {
    "epochs": 200,
    "hidden": [
      64,
      64
    ],
    "lr": 0.0001
  },
  "tr_losses": [
    1.015541911125183,
    1.011008620262146,
    1.0064998865127563,
    1.0020133256912231,
    0.9975497722625732,
    0.9931088089942932,
    0.9886902570724487,
    0.9842957258224487,
    0.9799243211746216,
    0.9755776524543762,
    0.9712549448013306,
    0.9669591188430786,
    0.9626888036727905,
    0.9584420919418335,
    0.9542175531387329,
    0.9500159621238708,
    0.9458360075950623,
    0.9416782259941101,
    0.9375449419021606,
    0.933434784412384,
    0.9293467402458191,
    0.9252814054489136,
    0.9212381839752197,
    0.9172171354293823,
    0.9132170081138611,
    0.9092369079589844,
    0.9052777886390686,
    0.9013413786888123,
    0.8974255919456482,
    0.8935303688049316,
    0.8896558284759521,
    0.8858016133308411,
    0.8819663524627686,
    0.8781496286392212,
    0.8743519186973572,
    0.8705728054046631,
    0.8668122887611389,
    0.8630701899528503,
    0.8593446612358093,
    0.8556348085403442,
    0.851942777633667,
    0.8482668995857239,
    0.8446080684661865,
    0.8409662842750549,
    0.8373411893844604,
    0.8337327837944031,
    0.8301399946212769,
    0.8265615701675415,
    0.8229979872703552,
    0.8194483518600464,
    0.8159149289131165,
    0.8123957514762878,
    0.8088915348052979,
    0.8054019212722778,
    0.8019270896911621,
    0.7984667420387268,
    0.7950214147567749,
    0.7915903329849243,
    0.7881747484207153,
    0.7847732901573181,
    0.7813847661018372,
    0.778010904788971,
    0.7746517658233643,
    0.771306037902832,
    0.7679733633995056,
    0.7646556496620178,
    0.7613500952720642,
    0.7580568790435791,
    0.7547782063484192,
    0.7515119314193726,
    0.7482565641403198,
    0.745013952255249,
    0.7417846918106079,
    0.7385686635971069,
    0.7353655695915222,
    0.7321739792823792,
    0.7289966940879822,
    0.7258331179618835,
    0.7226820588111877,
    0.7195447087287903,
    0.7164210677146912,
    0.7133122682571411,
    0.7102159857749939,
    0.7071329951286316,
    0.7040638327598572,
    0.7010074853897095,
    0.6979649066925049,
    0.6949383020401001,
    0.6919273138046265,
    0.6889312267303467,
    0.6859485507011414,
    0.6829789876937866,
    0.6800249218940735,
    0.6770869493484497,
    0.674164354801178,
    0.671257495880127,
    0.6683680415153503,
    0.6654959917068481,
    0.6626405119895935,
    0.6597999930381775,
    0.6569784283638,
    0.6541755795478821,
    0.6513908505439758,
    0.6486248970031738,
    0.6458797454833984,
    0.6431540250778198,
    0.6404487490653992,
    0.6377646923065186,
    0.6351011991500854,
    0.6324564218521118,
    0.6298331022262573,
    0.6272323727607727,
    0.6246537566184998,
    0.6220978498458862,
    0.6195669770240784,
    0.6170607805252075,
    0.6145778894424438,
    0.6121191382408142,
    0.6096845269203186,
    0.6072747707366943,
    0.6048889756202698,
    0.6025270819664001,
    0.600192129611969,
    0.5978832244873047,
    0.5956009030342102,
    0.5933452248573303,
    0.5911180973052979,
    0.5889187455177307,
    0.5867470502853394,
    0.5846025347709656,
    0.5824851393699646,
    0.5803967118263245,
    0.5783368945121765,
    0.5763059854507446,
    0.5743029117584229,
    0.5723291039466858,
    0.5703843832015991,
    0.5684683322906494,
    0.5665802359580994,
    0.5647209286689758,
    0.5628900527954102,
    0.5610888004302979,
    0.5593168139457703,
    0.557573676109314,
    0.5558592677116394,
    0.554173469543457,
    0.5525160431861877,
    0.5508872270584106,
    0.5492875576019287,
    0.5477173328399658,
    0.5461763739585876,
    0.5446638464927673,
    0.5431782007217407,
    0.5417198538780212,
    0.5402901768684387,
    0.5388878583908081,
    0.5375127792358398,
    0.5361646413803101,
    0.5348438024520874,
    0.5335498452186584,
    0.5322819352149963,
    0.531039834022522,
    0.5298224687576294,
    0.528630256652832,
    0.5274623036384583,
    0.5263188481330872,
    0.5251991748809814,
    0.5241023898124695,
    0.523029088973999,
    0.5219789147377014,
    0.5209528207778931,
    0.5199487209320068,
    0.5189663767814636,
    0.5180055499076843,
    0.5170671939849854,
    0.5161494612693787,
    0.5152531266212463,
    0.5143771171569824,
    0.5135211944580078,
    0.5126854181289673,
    0.5118693709373474,
    0.5110719203948975,
    0.5102932453155518,
    0.5095328092575073,
    0.5087903141975403,
    0.5080645084381104,
    0.5073549151420593,
    0.506661593914032,
    0.5059837102890015,
    0.5053204298019409,
    0.5046711564064026,
    0.5040358901023865,
    0.503415048122406,
    0.5028082728385925,
    0.5022150278091431,
    0.5016347765922546,
    0.5010669827461243,
    0.5005117058753967,
    0.4999684989452362,
    0.49943628907203674
  ],