{
  "dataset": "daily_temp",
  "model": "mlp",
  "mse": 128.28839331602097,
  "params": {
    "epochs": 200,
    "hidden": [
      64,
      64
    ],
    "lr": 0.0001
  },
  "tr_losses": [
    1.0113699436187744,
    1.0078822374343872,
    1.0044039487838745,
    1.0009328126907349,
    0.9974735379219055,
    0.9940241575241089,
    0.9905850291252136,
    0.9871523976325989,
    0.9837267994880676,
    0.9803106784820557,
    0.9769013524055481,
    0.9734998941421509,
    0.9701025485992432,
    0.966708779335022,
    0.9633225798606873,
    0.9599425196647644,
    0.9565659165382385,
    0.9531947374343872,
    0.9498288631439209,
    0.9464646577835083,
    0.9431015849113464,
    0.939740002155304,
    0.9363791346549988,
    0.933018147945404,
    0.9296566843986511,
    0.9262964129447937,
    0.9229339361190796,
    0.9195709824562073,
    0.916205883026123,
    0.9128397703170776,
    0.9094724655151367,
    0.9061008095741272,
    0.902726948261261,
    0.8993471264839172,
    0.8959589600563049,
    0.8925669193267822,
    0.8891710638999939,
    0.8857728838920593,
    0.8823728561401367,
    0.8789685368537903,
    0.8755601644515991,
    0.8721499443054199,
    0.8687357306480408,
    0.8653213977813721,
    0.8619041442871094,
    0.858483612537384,
    0.8550594449043274,
    0.8516311645507812,
    0.8482016921043396,
    0.8447698354721069,
    0.8413355946540833,
    0.8378955125808716,
    0.834453821182251,
    0.8310092687606812,
    0.827560544013977,
    0.8241077065467834,
    0.8206532597541809,
    0.8171975612640381,
    0.8137372136116028,
    0.8102754950523376,
    0.806812584400177,
    0.8033502101898193,
    0.799886167049408,
    0.796421229839325,
    0.7929587960243225,
    0.7894965410232544,
    0.7860364317893982,
    0.7825780510902405,
    0.7791221141815186,
    0.7756696343421936,
    0.7722185850143433,
    0.7687691450119019,
    0.7653201222419739,
    0.7618727684020996,
    0.7584293484687805,
    0.7549903988838196,
    0.7515565156936646,
    0.748128354549408,
    0.7447056174278259,
    0.7412866353988647,
    0.7378724813461304,
    0.7344645261764526,
    0.731063961982727,
    0.7276719212532043,
    0.7242905497550964,
    0.7209195494651794,
    0.717556357383728,
    0.7142001390457153,
    0.7108525037765503,
    0.707514762878418,
    0.7041863799095154,
    0.7008689045906067,
    0.6975619792938232,
    0.6942683458328247,
    0.690987765789032,
    0.6877219080924988,
    0.6844699382781982,
    0.6812291145324707,
    0.6780012845993042,
    0.6747894883155823,
    0.6715940833091736,
    0.6684140563011169,
    0.6652489900588989,
    0.6621018648147583,
    0.6589711904525757,
    0.6558589339256287,
    0.6527664661407471,
    0.6496922969818115,
    0.6466398239135742,
    0.6436083316802979,
    0.6405985355377197,
    0.6376116275787354,
    0.6346479654312134,
    0.6317099928855896,
    0.6287966966629028,
    0.6259093284606934,
    0.6230489611625671,
    0.6202136874198914,
    0.6174024939537048,
    0.6146181225776672,
    0.6118612885475159,
    0.6091333031654358,
    0.6064339876174927,
    0.6037631034851074,
    0.6011214256286621,
    0.5985102653503418,
    0.5959289073944092,
    0.5933772921562195,
    0.5908567309379578,
    0.5883667469024658,
    0.5859082341194153,
    0.583480715751648,
    0.5810859203338623,
    0.5787236094474792,
    0.5763944983482361,
    0.5740982890129089,
    0.5718330144882202,
    0.5695990324020386,
    0.5673968195915222,
    0.5652270317077637,
    0.5630890727043152,
    0.5609807968139648,
    0.558903157711029,
    0.5568572878837585,
    0.5548445582389832,
    0.5528638958930969,
    0.5509158372879028,
    0.5489984154701233,
    0.5471120476722717,
    0.5452564358711243,
    0.5434308648109436,
    0.5416359901428223,
    0.5398716330528259,
    0.5381389856338501,
    0.5364367365837097,
    0.534764289855957,
    0.533120334148407,
    0.5315055251121521,
    0.5299185514450073,
    0.5283601880073547,
    0.5268296003341675,
    0.52532559633255,
    0.5238497853279114,
    0.5224029421806335,
    0.5209833383560181,
    0.5195893049240112,
    0.518219530582428,
    0.5168755650520325,
    0.5155563354492188,
    0.5142619609832764,
    0.5129923224449158,
    0.5117453336715698,
    0.5105217695236206,
    0.5093183517456055,
    0.5081360340118408,
    0.5069758892059326,
    0.5058386921882629,
    0.5047230124473572,
    0.5036306381225586,
    0.5025615096092224,
    0.5015133023262024,
    0.5004856586456299,
    0.49947816133499146,
    0.4984910190105438,
    0.4975234866142273,
    0.49657586216926575,
    0.49564695358276367,
    0.49473893642425537,
    0.4938502311706543,
    0.49298152327537537,
    0.4921320974826813,
    0.4913026690483093,
    0.4904928505420685,
    0.4897034764289856,
    0.488933801651001,
    0.4881843626499176,
    0.48745396733283997,
    0.4867416322231293,
    0.48604804277420044,
    0.4853734076023102
  ],