{
  "dataset": "daily_temp",
  "model": "lstm",
  "mse": 121.34193664925729,
  "params": {
    "dropout": 0.1,
    "epochs": 100,
    "hidden_size": 64,
    "lr": 0.0001,
    "num_layers": 1
  },
  "tr_losses": [
    1.008825421333313,
    1.0080864429473877,
    1.0073485374450684,
    1.0066118240356445,
    1.0058759450912476,
    1.005141258239746,
    1.0044074058532715,
    1.0036743879318237,
    1.0029420852661133,
    1.0022106170654297,
    1.0014796257019043,
    1.0007492303848267,
    1.0000194311141968,
    0.9992900490760803,
    0.9985607862472534,
    0.9978318214416504,
    0.9971029162406921,
    0.9963739514350891,
    0.995644748210907,
    0.9949153661727905,
    0.9941855669021606,
    0.9934550523757935,
    0.9927240610122681,
    0.9919920563697815,
    0.9912590384483337,
    0.9905250072479248,
    0.9897896647453308,
    0.989052951335907,
    0.9883146286010742,
    0.987574577331543,
    0.9868325591087341,
    0.9860886931419373,
    0.9853425025939941,
    0.9845941662788391,
    0.9838433265686035,
    0.9830898642539978,
    0.9823337197303772,
    0.9815746545791626,
    0.9808125495910645,
    0.9800472855567932,
    0.9792787432670593,
    0.9785066843032837,
    0.9777311682701111,
    0.9769517183303833,
    0.9761683940887451,
    0.9753811955451965,
    0.9745897054672241,
    0.9737939834594727,
    0.9729937314987183,
    0.9721888303756714,
    0.9713792204856873,
    0.9705647826194763,
    0.9697451591491699,
    0.9689202904701233,
    0.9680900573730469,
    0.9672544002532959,
    0.9664129614830017,
    0.9655656814575195,
    0.9647123217582703,
    0.9638527631759644,
    0.962986946105957,
    0.9621144533157349,
    0.9612353444099426,
    0.9603493213653564,
    0.959456205368042,
    0.9585558772087097,
    0.9576480984687805,
    0.9567326903343201,
    0.9558095335960388,
    0.9548783302307129,
    0.9539387822151184,
    0.9529908895492554,
    0.9520343542098999,
    0.9510690569877625,
    0.95009446144104,
    0.949110746383667,
    0.9481175541877747,
    0.9471145272254944,
    0.9461014866828918,
    0.9450783133506775,
    0.9440445899963379,
    0.9430001378059387,
    0.9419447183609009,
    0.9408780932426453,
    0.9397999048233032,
    0.9387099146842957,
    0.9376078844070435,
    0.9364933371543884,
    0.9353662729263306,
    0.9342262148857117,
    0.9330728054046631,
    0.9319058656692505,
    0.9307249188423157,
    0.9295297861099243,
    0.9283201098442078,
    0.9270954728126526,
    0.9258555173873901,
    0.924599826335907,
    0.9233281016349792,
    0.9220401048660278
  ],
  "val_losses": [
    1.14446222782135,
    1.1434916257858276,
    1.142521619796753,
    1.1415523290634155,
    1.1405836343765259,
    1.1396152973175049,
    1.1386476755142212,
    1.1376802921295166,
    1.1367133855819702,
    1.135746717453003,
    1.1347804069519043,
    1.1338142156600952,
    1.1328480243682861,
    1.131881594657898,
    1.1309148073196411,
    1.1299479007720947,
    1.128980278968811,
    1.1280118227005005,
    1.1270424127578735,
    1.1260719299316406,
    1.1251002550125122,
    1.1241267919540405,
    1.1231517791748047,
    1.122174620628357,
    1.1211954355239868,
    1.1202141046524048,
    1.119230031967163,
    1.1182434558868408,
    1.1172535419464111,
    1.1162608861923218,
    1.115264654159546,
    1.1142650842666626,
    1.1132615804672241,
    1.11225426197052,
    1.111242651939392,
    1.110227108001709,
    1.1092069149017334,
    1.1081818342208862,
    1.107151985168457,
    1.1061171293258667,
    1.1050769090652466,
    1.1040313243865967,
    1.102980136871338,
    1.1019229888916016,
    1.1008597612380981,
    1.099790334701538,
    1.0987147092819214,
    1.0976321697235107,
    1.0965431928634644,
    1.0954468250274658,
    1.0943434238433838,
    1.09323251247406,
    1.092113971710205,
    1.0909876823425293,
    1.089853286743164,
    1.0887106657028198,
    1.087559461593628,
    1.0863996744155884,
    1.085231065750122,
    1.0840531587600708,
    1.0828659534454346,
    1.0816689729690552,
    1.0804623365402222,
    1.0792455673217773,
    1.0780184268951416,
    1.0767806768417358,
    1.0755321979522705,
    1.0742725133895874,
    1.0730016231536865,
    1.0717188119888306,
    1.0704243183135986,
    1.069117546081543,
    1.0677982568740845,
    1.066466212272644,
    1.0651209354400635,
    1.0637624263763428,
    1.0623900890350342,
    1.0610036849975586,
    1.059602975845337,
    1.058187484741211,
    1.0567570924758911,
    1.0553110837936401,
    1.053849458694458,
    1.0523717403411865,
    1.0508772134780884,
    1.0493659973144531,
    1.047837495803833,
    1.0462909936904907,
    1.0447266101837158,
    1.043143630027771,
    1.0415414571762085,
    1.0399199724197388,
    1.038278579711914,
    1.0366168022155762,
    1.0349339246749878,
    1.0332300662994385,
    1.0315040349960327,
    1.0297555923461914,
    1.0279842615127563,
    1.0261894464492798
  ]
}