{
  "dataset": "daily_temp",
  "model": "lstm",
  "mse": 121.55431506111931,
  "params": {
    "dropout": 0.0,
    "epochs": 100,
    "hidden_size": 64,
    "lr": 0.0001,
    "num_layers": 1
  },
  "tr_losses": [
    1.0231088399887085,
    1.0221116542816162,
    1.0211169719696045,
    1.0201247930526733,
    1.0191351175308228,
    1.0181479454040527,
    1.0171632766723633,
    1.0161808729171753,
    1.0152009725570679,
    1.014223337173462,
    1.0132478475570679,
    1.0122747421264648,
    1.0113036632537842,
    1.010334849357605,
    1.009367823600769,
    1.0084028244018555,
    1.0074397325515747,
    1.006478190422058,
    1.0055184364318848,
    1.0045602321624756,
    1.0036035776138306,
    1.002648115158081,
    1.0016939640045166,
    1.0007410049438477,
    0.9997890591621399,
    0.998837947845459,
    0.9978877902030945,
    0.9969382286071777,
    0.9959893822669983,
    0.9950408339500427,
    0.9940928816795349,
    0.9931449294090271,
    0.9921972155570984,
    0.9912495017051697,
    0.9903016090393066,
    0.989353597164154,
    0.9884051084518433,
    0.9874561429023743,
    0.986506462097168,
    0.98555588722229,
    0.9846047163009644,
    0.9836525321006775,
    0.9826990365982056,
    0.9817443490028381,
    0.9807882308959961,
    0.9798304438591003,
    0.9788711667060852,
    0.9779098629951477,
    0.9769467115402222,
    0.9759813547134399,
    0.9750139117240906,
    0.9740439057350159,
    0.9730714559555054,
    0.97209632396698,
    0.9711183309555054,
    0.9701372981071472,
    0.969153106212616,
    0.9681657552719116,
    0.9671748876571655,
    0.9661803841590881,
    0.9651820063591003,
    0.9641798138618469,
    0.9631733894348145,
    0.9621627926826477,
    0.9611475467681885,
    0.9601278901100159,
    0.9591032266616821,
    0.9580736756324768,
    0.957038938999176,
    0.9559987783432007,
    0.9549530744552612,
    0.9539015293121338,
    0.952843964099884,
    0.9517803192138672,
    0.9507104158401489,
    0.949633777141571,
    0.948550283908844,
    0.947459876537323,
    0.9463620781898499,
    0.9452568292617798,
    0.9441438317298889,
    0.9430230259895325,
    0.9418939352035522,
    0.9407563805580139,
    0.9396101832389832,
    0.9384549260139465,
    0.9372905492782593,
    0.936116635799408,
    0.9349329471588135,
    0.9337392449378967,
    0.9325352907180786,
    0.9313206076622009,
    0.9300950169563293,
    0.9288582801818848,
    0.927609920501709,
    0.9263496398925781,
    0.9250773787498474,
    0.9237924814224243,
    0.9224947094917297,
    0.9211838841438293
  ],
  "val_losses": [
    1.166494607925415,
    1.1651297807693481,
    1.1637684106826782,
    1.1624103784561157,
    1.161055564880371,
    1.1597038507461548,
    1.158355474472046,
    1.1570100784301758,
    1.155667781829834,
    1.1543283462524414,
    1.1529921293258667,
    1.151658535003662,
    1.1503276824951172,
    1.1489992141723633,
    1.147673487663269,
    1.1463500261306763,
    1.145028829574585,
    1.143709659576416,
    1.1423923969268799,
    1.1410771608352661,
    1.1397634744644165,
    1.1384515762329102,
    1.1371408700942993,
    1.1358314752578735,
    1.1345230340957642,
    1.1332156658172607,
    1.1319091320037842,
    1.1306029558181763,
    1.1292974948883057,
    1.127992033958435,
    1.1266868114471436,
    1.125381588935852,
    1.124076008796692,
    1.1227699518203735,
    1.1214632987976074,
    1.1201560497283936,
    1.1188476085662842,
    1.1175382137298584,
    1.116227388381958,
    1.1149152517318726,
    1.1136014461517334,
    1.1122854948043823,
    1.110967755317688,
    1.1096477508544922,
    1.1083252429962158,
    1.107000470161438,
    1.1056725978851318,
    1.1043418645858765,
    1.1030079126358032,
    1.101670742034912,
    1.100329875946045,
    1.0989850759506226,
    1.0976365804672241,
    1.0962836742401123,
    1.0949264764785767,
    1.093564510345459,
    1.0921978950500488,
    1.090826153755188,
    1.0894492864608765,
    1.0880666971206665,
    1.0866786241531372,
    1.0852842330932617,
    1.0838840007781982,
    1.0824769735336304,
    1.0810633897781372,
    1.0796430110931396,
    1.07821524143219,
    1.076780080795288,
    1.0753370523452759,
    1.0738861560821533,
    1.0724269151687622,
    1.070959210395813,
    1.069482445716858,
    1.0679967403411865,
    1.0665013790130615,
    1.0649964809417725,
    1.0634815692901611,
    1.0619561672210693,
    1.060420036315918,
    1.0588730573654175,
    1.0573145151138306,
    1.0557444095611572,
    1.0541622638702393,
    1.052567720413208,
    1.0509603023529053,
    1.0493398904800415,
    1.0477060079574585,
    1.0460580587387085,
    1.0443958044052124,
    1.042718768119812,
    1.0410267114639282,
    1.0393190383911133,
    1.0375956296920776,
    1.035855770111084,
    1.0340988636016846,
    1.0323245525360107,
    1.0305325984954834,
    1.0287222862243652,
    1.026893138885498,
    1.0250447988510132
  ]
}