{
  "dataset": "daily_temp",
  "model": "kan",
  "mse": 123.99692392314208,
  "params": {
    "epochs": 100,
    "grid": 5,
    "hidden": [
      2,
      2
    ],
    "k": 3,
    "lamb_entropy": 0.01,
    "lamb_l1": 0.0001,
    "lr": 0.001,
    "opt": "Adam"
  },
  "tr_losses": [
    0.9867134039560441,
    0.9854006685074733,
    0.9840384910065683,
    0.9826129892987191,
    0.9811361339565333,
    0.9796213965565137,
    0.9780786983543903,
    0.9765146657090175,
    0.9749386351169668,
    0.9733278120178704,
    0.9717105262112249,
    0.9700304537875181,
    0.9683157968947177,
    0.9665629135823627,
    0.9647648929091258,
    0.9629376947867935,
    0.9610756526552596,
    0.9591991377029795,
    0.9572885808554241,
    0.9553517203434226,
    0.953397619767866,
    0.9514316348052205,
    0.949444462386582,
    0.9474400874225877,
    0.9454256989499874,
    0.9434070041496474,
    0.9413676886617417,
    0.9393339991508592,
    0.9372957037413814,
    0.9352541305962372,
    0.9332194303325788,
    0.9311878889059257,
    0.9291704321489742,
    0.9271552210377608,
    0.9251455490971797,
    0.9231287130781586,
    0.9211108439435843,
    0.9190859569445398,
    0.9170525698545663,
    0.915010864650169,
    0.9129616811787007,
    0.9109031014450938,
    0.9088338156570367,
    0.9067569413709156,
    0.9046717865369465,
    0.902575926884489,
    0.9004701451291034,
    0.8983600538314318,
    0.896231379281955,
    0.8940908670324166,
    0.8919427193410318,
    0.889793015486908,
    0.8876324160329236,
    0.8854640118782353,
    0.8832932603263806,
    0.88111875701867,
    0.8789419192884139,
    0.876760675691394,
    0.8745884375377461,
    0.8724082247264325,
    0.8702215033521787,
    0.8680498571505643,
    0.8658713510196877,
    0.863691883388027,
    0.8615223103867476,
    0.8593680427015749,
    0.8571818416117103,
    0.8550101830213477,
    0.8528513860755481,
    0.8507067234261875,
    0.8485245580843833,
    0.8463728723425955,
    0.8442117898746502,
    0.8420528574372728,
    0.8399298750627568,
    0.8377540456318223,
    0.8356020249286147,
    0.8334536629939802,
    0.8313269289512906,
    0.8291527449527964,
    0.8270371147757355,
    0.8248508182161327,
    0.8226972627258149,
    0.820560416017447,
    0.8183677418747133,
    0.816232256433199,
    0.8140287211461708,
    0.8118325972530069,
    0.80959252218883,
    0.8073459698089875,
    0.8050665758371589,
    0.8027702690956033,
    0.8004372184277908,
    0.7980743242039843,
    0.7956665367675567,
    0.7932250011250028,
    0.7907685047839209,
    0.7882298979932124,
    0.7856161541750439,
    0.7829125151296767
  ],
  "val_losses": [
    1.113959610989002,
    1.112212659466625,
    1.110410022709732,
    1.1084878929924102,
    1.106500722741639,
    1.1044651214596102,
    1.1023889563195686,
    1.1002844292269587,
    1.098166392799732,
    1.0959734692547893,
    1.0938236159288386,
    1.0915927874415117,
    1.0893329648244903,
    1.0870616779151068,
    1.084752237187847,
    1.0824268156497763,
    1.0800488563215191,
    1.0776780560712222,
    1.0752656397184572,
    1.07281794035714,
    1.0703414682473527,
    1.0678445624414465,
    1.065312923566786,
    1.0627434006424747,
    1.0601334525195392,
    1.0575091055773467,
    1.0548019390929388,
    1.0520809837176006,
    1.049332906485673,
    1.0465354808242833,
    1.0437567917423922,
    1.0409319400476515,
    1.0381394937086132,
    1.0353623198076656,
    1.0326006430730188,
    1.0298989763447033,
    1.027242872558105,
    1.024576895203784,
    1.0219144946656227,
    1.0192533444815133,
    1.0166251307900573,
    1.0139923267281212,
    1.0113460004259895,
    1.008702107979115,
    1.0060303560216108,
    1.0033597129705314,
    1.0006653734566886,
    0.9979773828819156,
    0.9953117234148939,
    0.9926353467505312,
    0.9899486740727272,
    0.9871966743545315,
    0.9844476191682404,
    0.9817464308730394,
    0.9790407823792677,
    0.9763319080613947,
    0.9736299872800827,
    0.970923453742388,
    0.968222716283639,
    0.9654589418600964,
    0.9627400919566578,
    0.9600407139834304,
    0.9573433156284351,
    0.9546669526031285,
    0.9519587521349075,
    0.9492454565639635,
    0.9465300818403617,
    0.9438667333062647,
    0.9411924095415617,
    0.9384653801360369,
    0.9357428132371463,
    0.9331050489273662,
    0.9304259507412048,
    0.9277428802402807,
    0.9250721259510222,
    0.922343584327385,
    0.9196899859457387,
    0.9170350940520785,
    0.9143013389076861,
    0.9115803296054092,
    0.9088865880006514,
    0.9061438619834917,
    0.9034007412651831,
    0.9006774185987203,
    0.8979512404221444,
    0.8952361521278389,
    0.8925100035841019,
    0.8897018094039567,
    0.8868473408915654,
    0.8839878443660136,
    0.8810916852130618,
    0.8781791366330826,
    0.875230367010101,
    0.8722364126228307,
    0.8691868712104432,
    0.8660697832744393,
    0.8629984506238347,
    0.8598864471376881,
    0.8567400884264289,
    0.8535722133041653
  ]
}