{
  "dataset": "sunspots",
  "model": "mlp",
  "mse": 2861.686020508456,
  "params": {
    "epochs": 100,
    "hidden": [
      64,
      64
    ],
    "lr": 0.0001
  },
  "tr_losses": [
    0.8056796789169312,
    0.8030920028686523,
    0.8005170226097107,
    0.7979519963264465,
    0.7953963875770569,
    0.7928515076637268,
    0.790320098400116,
    0.7878023982048035,
    0.7852954268455505,
    0.7827997803688049,
    0.7803191542625427,
    0.7778519988059998,
    0.7753967046737671,
    0.7729538679122925,
    0.7705188393592834,
    0.768092155456543,
    0.7656768560409546,
    0.7632759213447571,
    0.7608880400657654,
    0.7585081458091736,
    0.7561346292495728,
    0.753770112991333,
    0.7514144778251648,
    0.7490684986114502,
    0.7467336654663086,
    0.7444068789482117,
    0.7420894503593445,
    0.7397817969322205,
    0.737481951713562,
    0.7351856827735901,
    0.7328951358795166,
    0.7306094765663147,
    0.7283294200897217,
    0.7260488271713257,
    0.7237728238105774,
    0.721502423286438,
    0.7192326784133911,
    0.7169658541679382,
    0.7147020697593689,
    0.7124398350715637,
    0.7101795077323914,
    0.7079181671142578,
    0.7056601047515869,
    0.7034047842025757,
    0.7011486291885376,
    0.6988922357559204,
    0.6966367363929749,
    0.6943792104721069,
    0.6921197175979614,
    0.6898540258407593,
    0.6875867247581482,
    0.6853191256523132,
    0.6830515265464783,
    0.6807828545570374,
    0.678512454032898,
    0.6762427091598511,
    0.673969030380249,
    0.6716943383216858,
    0.6694214940071106,
    0.6671449542045593,
    0.6648667454719543,
    0.6625859141349792,
    0.6603043675422668,
    0.6580140590667725,
    0.6557192206382751,
    0.6534213423728943,
    0.6511198878288269,
    0.6488140225410461,
    0.6465041041374207,
    0.6441888213157654,
    0.6418708562850952,
    0.6395443677902222,
    0.6372106075286865,
    0.6348713040351868,
    0.6325255036354065,
    0.630172610282898,
    0.6278132796287537,
    0.6254487633705139,
    0.6230799555778503,
    0.6207120418548584,
    0.6183403134346008,
    0.6159572601318359,
    0.6135656833648682,
    0.6111690998077393,
    0.6087662577629089,
    0.6063543558120728,
    0.6039394736289978,
    0.6015185713768005,
    0.5990908145904541,
    0.5966548919677734,
    0.594215989112854,
    0.5917760729789734,
    0.5893285274505615,
    0.5868774056434631,
    0.5844219326972961,
    0.5819616317749023,
    0.5794979929924011,
    0.5770233273506165,
    0.5745378136634827,
    0.5720476508140564
  ],
  "val_losses": [
    1.8419573307037354,
    1.8371386528015137,
    1.8323233127593994,
    1.8275091648101807,
    1.8227001428604126,
    1.8179218769073486,
    1.8132002353668213,
    1.8084895610809326,
    1.8037731647491455,
    1.7990694046020508,
    1.7943520545959473,
    1.7896604537963867,
    1.7849818468093872,
    1.7802977561950684,
    1.7756131887435913,
    1.770937204360962,
    1.7662700414657593,
    1.761626958847046,
    1.7569876909255981,
    1.752355933189392,
    1.7477421760559082,
    1.7431479692459106,
    1.738542914390564,
    1.733941912651062,
    1.7293369770050049,
    1.7247071266174316,
    1.7200700044631958,
    1.7154046297073364,
    1.7107325792312622,
    1.7060577869415283,
    1.7014027833938599,
    1.696743369102478,
    1.6920714378356934,
    1.687383770942688,
    1.6826850175857544,
    1.6779723167419434,
    1.6732386350631714,
    1.668484091758728,
    1.6637130975723267,
    1.658937692642212,
    1.654158115386963,
    1.6493911743164062,
    1.6446162462234497,
    1.639840841293335,
    1.6350126266479492,
    1.6301778554916382,
    1.6253103017807007,
    1.6204097270965576,
    1.6154593229293823,
    1.6104689836502075,
    1.6054598093032837,
    1.6004420518875122,
    1.5954118967056274,
    1.5903757810592651,
    1.585331916809082,
    1.5802489519119263,
    1.5751155614852905,
    1.5699712038040161,
    1.5648249387741089,
    1.55966317653656,
    1.5544333457946777,
    1.5491629838943481,
    1.5438727140426636,
    1.538543462753296,
    1.5331518650054932,
    1.5277363061904907,
    1.5222994089126587,
    1.5168408155441284,
    1.51136314868927,
    1.5058783292770386,
    1.5003917217254639,
    1.4949212074279785,
    1.4894388914108276,
    1.4839351177215576,
    1.4784018993377686,
    1.4728524684906006,
    1.4672962427139282,
    1.4617148637771606,
    1.456121563911438,
    1.4505059719085693,
    1.444861650466919,
    1.4391932487487793,
    1.433485984802246,
    1.4277561902999878,
    1.4220013618469238,
    1.4162023067474365,
    1.4103758335113525,
    1.4045227766036987,
    1.3986549377441406,
    1.3927346467971802,
    1.3867452144622803,
    1.3807191848754883,
    1.3746614456176758,
    1.3685870170593262,
    1.3624932765960693,
    1.3563733100891113,
    1.3502260446548462,
    1.344056248664856,
    1.3378918170928955,
    1.3317257165908813
  ]
}