{
  "dataset": "sunspots",
  "model": "kan",
  "mse": 2221.530519601164,
  "params": {
    "epochs": 100,
    "grid": 10,
    "hidden": [
      2
    ],
    "k": 3,
    "lamb_entropy": 0.01,
    "lamb_l1": 0.01,
    "lr": 0.001,
    "opt": "Adam"
  },
  "tr_losses": [
    0.7569070250065323,
    0.7546658244661358,
    0.7524204148766306,
    0.7501651040117235,
    0.747910003832079,
    0.7456435971678705,
    0.7433664428583189,
    0.741076343816464,
    0.7387754192976456,
    0.7364663063762202,
    0.7341482238481957,
    0.7318241812191256,
    0.7294974975792321,
    0.727164554302739,
    0.7248279290222731,
    0.7224918813232974,
    0.7201467533744723,
    0.7177984330668898,
    0.715442922868817,
    0.7130832286966661,
    0.7107187357926568,
    0.7083485944960369,
    0.7059684712403429,
    0.7035726061433898,
    0.7011591217904325,
    0.6987107344947188,
    0.6962261323341108,
    0.6936978125727767,
    0.6911210586419986,
    0.6884997077215698,
    0.6858415186040219,
    0.6831382838091942,
    0.6804044916831423,
    0.6776535882017772,
    0.6748875239898854,
    0.6721162284780821,
    0.6693373553302303,
    0.6665431107899843,
    0.6637412869943212,
    0.6609325059536114,
    0.6581086648423873,
    0.6552940843847139,
    0.652470329986475,
    0.6496435700874055,
    0.6468369694115824,
    0.6440431075348317,
    0.6412603073415538,
    0.6384881577800593,
    0.6357350512576229,
    0.6329890944193816,
    0.6302433360837497,
    0.6275101957213,
    0.6247915516315258,
    0.6220829233300808,
    0.6193874622188051,
    0.6167008210628547,
    0.6140242043269194,
    0.6113545278167228,
    0.6086985649934502,
    0.6060513461462449,
    0.603400767691397,
    0.6007748629260862
  ],
  "val_losses": [
    1.7976987141181984,
    1.793231484727743,
    1.7887901333129221,
    1.7843511068315525,
    1.7798903899420098,
    1.7754035580966372,
    1.770929483492684,
    1.76647633257794,
    1.7619847032243425,
    1.757521648732149,
    1.75314048702529,
    1.7488825993919728,
    1.7447010519785924,
    1.74063814451515,
    1.7366577479659808,
    1.7326608967109847,
    1.7284661886471233,
    1.7240762166263779,
    1.719493195047302,
    1.7148848637797078,
    1.7102288722205448,
    1.7058218314955362,
    1.7014556259889433,
    1.6972488321112857,
    1.6930911064338743,
    1.6889250880915376,
    1.6847706299981693,
    1.68056612499421,
    1.676252444746586,
    1.6719304631457115,
    1.66773946235037,
    1.6635817768057182,
    1.659358675400821,
    1.6548764590060379,
    1.6501183356492561,
    1.6451478001953062,
    1.640049885336534,
    1.6351470351022641,
    1.6304091145114838,
    1.6258829980273843,
    1.6214735274830512,
    1.6171804685386904,
    1.6133699553509775,
    1.6098298768885453,
    1.6065262789863974,
    1.6034762733576953,
    1.6006750059362587,
    1.5982482385125023,
    1.59602388423983,
    1.593989854424629,
    1.5920038485708234,
    1.5902027941599797,
    1.588515609413558,
    1.586954753718586,
    1.5856323293396282,
    1.5848197018219694,
    1.5842686229993912,
    1.5839831463224812,
    1.5838618807911868,
    1.5837085681756644,
    1.5839455062969467,
    1.584643702121418
  ]
}