{
  "dataset": "sunspots",
  "model": "lstm",
  "mse": 2320.0567644853563,
  "params": {
    "dropout": 0.0,
    "epochs": 100,
    "hidden_size": 64,
    "lr": 0.0001,
    "num_layers": 1
  },
  "tr_losses": [
    0.78977370262146,
    0.7893645763397217,
    0.7889573574066162,
    0.7885522842407227,
    0.7881489992141724,
    0.7877477407455444,
    0.7873485088348389,
    0.7869511246681213,
    0.7865557074546814,
    0.786162257194519,
    0.7857706546783447
  ],
  "val_losses": [
    1.9767318964004517,
    1.9769188165664673,
    1.9771023988723755,
    1.9772820472717285,
    1.9774580001831055,
    1.977630376815796,
    1.9777988195419312,
    1.9779635667800903,
    1.9781240224838257,
    1.978279948234558,
    1.9784308671951294
  ]
}