{
  "dataset": "sunspots",
  "model": "kan",
  "mse": 2177.0941853511004,
  "params": {
    "epochs": 100,
    "grid": 10,
    "hidden": [
      5,
      5
    ],
    "k": 3,
    "lamb_entropy": 0.01,
    "lamb_l1": 0.01,
    "lr": 0.001,
    "opt": "Adam"
  },
  "tr_losses": [
    0.7866550534703565,
    0.7644117899201729,
    0.7407971088090297,
    0.7147540257241797,
    0.6878501109299204,
    0.6587131997115772,
    0.6256018697734586,
    0.5909118059179909,
    0.5534827568122476,
    0.5115910927908586
  ],
  "val_losses": [
    1.9475280443349183,
    1.9237283304520119,
    1.902219972218449,
    1.8839739682997632,
    1.8680496947693164,
    1.8554293285140722,
    1.8549205448583068,
    1.8478608606121218,
    1.8256244466921907,
    1.780811454412816
  ]
}