{
  "dataset": "sunspots",
  "model": "mlp",
  "mse": 2687.0582408350297,
  "params": {
    "epochs": 100,
    "hidden": [
      64,
      64
    ],
    "lr": 0.0001
  },
  "tr_losses": [
    0.8157026171684265,
    0.8132566809654236,
    0.8108164668083191,
    0.8083783388137817,
    0.8059423565864563,
    0.8035137057304382,
    0.8010988831520081,
    0.79869145154953,
    0.7962898015975952,
    0.7938911318778992,
    0.7914982438087463,
    0.7891061902046204,
    0.7867234349250793,
    0.7843494415283203,
    0.7819814085960388,
    0.7796197533607483,
    0.7772659063339233,
    0.7749207615852356,
    0.772581160068512,
    0.770240843296051,
    0.7679051160812378,
    0.7655742764472961,
    0.7632430791854858,
    0.7609075903892517,
    0.7585716247558594,
    0.7562401294708252,
    0.7539092898368835,
    0.7515794038772583,
    0.7492550611495972,
    0.7469362616539001,
    0.7446127533912659,
    0.742293119430542,
    0.739980936050415,
    0.7376724481582642,
    0.7353658080101013,
    0.733065664768219,
    0.7307661175727844,
    0.7284708619117737,
    0.7261765599250793,
    0.7238847613334656,
    0.7215918898582458,
    0.7193068265914917,
    0.7170240879058838,
    0.71474289894104,
    0.7124630808830261,
    0.7101851105690002,
    0.7079078555107117,
    0.7056273818016052,
    0.7033340334892273,
    0.7010406851768494,
    0.6987464427947998,
    0.6964523196220398,
    0.6941578984260559,
    0.6918638944625854,
    0.689570426940918,
    0.6872750520706177,
    0.6849712133407593,
    0.6826643347740173,
    0.6803568601608276,
    0.6780478358268738,
    0.6757327318191528,
    0.6734119057655334,
    0.6710901856422424,
    0.6687697172164917,
    0.6664513945579529,
    0.6641318798065186,
    0.6618062257766724,
    0.6594801545143127,
    0.6571530699729919,
    0.6548194289207458,
    0.6524822115898132,
    0.6501441597938538,
    0.6478018164634705,
    0.6454566121101379,
    0.6431092619895935,
    0.6407542824745178,
    0.638390839099884,
    0.6360240578651428,
    0.6336537003517151,
    0.6312798857688904,
    0.6288982629776001,
    0.6265156865119934,
    0.6241326928138733,
    0.621749222278595,
    0.6193634271621704,
    0.6169778108596802,
    0.6145894527435303,
    0.6122015118598938,
    0.6098117828369141,
    0.6074192523956299,
    0.6050235033035278,
    0.6026275753974915,
    0.60023033618927,
    0.5978313684463501,
    0.5954291224479675,
    0.5930226445198059,
    0.5906140804290771,
    0.5882018208503723,
    0.5857889652252197,
    0.5833748579025269
  ],
  "val_losses": [
    1.9958046674728394,
    1.9888551235198975,
    1.9819326400756836,
    1.9750339984893799,
    1.968148112297058,
    1.9612544775009155,
    1.954387903213501,
    1.9475418329238892,
    1.9407063722610474,
    1.9338610172271729,
    1.9269945621490479,
    1.920121431350708,
    1.9132750034332275,
    1.9064749479293823,
    1.8997081518173218,
    1.8929733037948608,
    1.8862669467926025,
    1.8796050548553467,
    1.8729926347732544,
    1.8664034605026245,
    1.8598413467407227,
    1.853214144706726,
    1.846522331237793,
    1.8397995233535767,
    1.8330917358398438,
    1.8263983726501465,
    1.8197029829025269,
    1.813005805015564,
    1.8063125610351562,
    1.799646019935608,
    1.79300057888031,
    1.7863752841949463,
    1.7797728776931763,
    1.773197054862976,
    1.7666805982589722,
    1.760195016860962,
    1.7536957263946533,
    1.747219204902649,
    1.7407643795013428,
    1.734331488609314,
    1.7279348373413086,
    1.721562385559082,
    1.7151978015899658,
    1.7087970972061157,
    1.7023485898971558,
    1.6959389448165894,
    1.6895588636398315,
    1.6831952333450317,
    1.6768418550491333,
    1.670465111732483,
    1.664057970046997,
    1.657658338546753,
    1.6512575149536133,
    1.6448723077774048,
    1.6385000944137573,
    1.6321090459823608,
    1.6257221698760986,
    1.6193363666534424,
    1.6129603385925293,
    1.6065682172775269,
    1.6001754999160767,
    1.5938060283660889,
    1.5874583721160889,
    1.5811152458190918,
    1.5747958421707153,
    1.5685124397277832,
    1.562261939048767,
    1.5560479164123535,
    1.549872875213623,
    1.543712854385376,
    1.5375688076019287,
    1.531438946723938,
    1.5252927541732788,
    1.519157886505127,
    1.5130410194396973,
    1.5068961381912231,
    1.5007679462432861,
    1.4946507215499878,
    1.488550066947937,
    1.4824541807174683,
    1.4763106107711792,
    1.4701777696609497,
    1.4640581607818604,
    1.4579493999481201,
    1.4518319368362427,
    1.4457290172576904,
    1.4396271705627441,
    1.4335408210754395,
    1.4274202585220337,
    1.4212844371795654,
    1.4151557683944702,
    1.4090166091918945,
    1.4028586149215698,
    1.3967208862304688,
    1.3905918598175049,
    1.3844702243804932,
    1.3783187866210938,
    1.3721635341644287,
    1.3660136461257935,
    1.3598897457122803
  ]
}