{
  "dataset": "syn-season_only-0.0",
  "model": "mlp",
  "mse": 0.08728161915992177,
  "params": {
    "epochs": 100,
    "hidden": [
      64,
      64
    ],
    "lr": 0.001
  },
  "tr_losses": [
    0.9531534910202026,
    0.9028969407081604,
    0.85379958152771,
    0.8072320222854614,
    0.762365460395813,
    0.7186128497123718,
    0.6759013533592224,
    0.6340083479881287,
    0.5931069850921631,
    0.5528649091720581,
    0.5128637552261353,
    0.4732895493507385,
    0.4346983730792999,
    0.3968183696269989,
    0.3596040904521942,
    0.32332107424736023,
    0.2879822552204132,
    0.25386255979537964,
    0.2213248312473297,
    0.19037550687789917,
    0.16120243072509766,
    0.13410840928554535,
    0.10930729657411575,
    0.08702214807271957,
    0.06743843108415604,
    0.05066622793674469,
    0.036839231848716736,
    0.02597748674452305,
    0.018009966239333153,
    0.012775986455380917,
    0.010026941075921059,
    0.009403678588569164,
    0.010388667695224285,
    0.012423744425177574,
    0.014993438497185707,
    0.017559010535478592,
    0.019699014723300934,
    0.021141279488801956,
    0.021727656945586205,
    0.021428382024168968,
    0.020331691950559616
  ],
  "val_losses": [
    0.8817968368530273,
    0.8333689570426941,
    0.7873455882072449,
    0.7430804371833801,
    0.6998992562294006,
    0.6577121615409851,
    0.6162744164466858,
    0.5758378505706787,
    0.5361080765724182,
    0.49668481945991516,
    0.4577421247959137,
    0.41986048221588135,
    0.3827466666698456,
    0.34636130928993225,
    0.31096410751342773,
    0.27655115723609924,
    0.24340014159679413,
    0.211863711476326,
    0.18192435801029205,
    0.15375196933746338,
    0.12764818966388702,
    0.10381881147623062,
    0.08246927708387375,
    0.06376945972442627,
    0.04781069979071617,
    0.03471283242106438,
    0.024474570527672768,
    0.017010629177093506,
    0.012151817791163921,
    0.00964657124131918,
    0.009147311560809612,
    0.0101573271676898,
    0.012140410952270031,
    0.014611147344112396,
    0.017068762332201004,
    0.019119692966341972,
    0.02051110938191414,
    0.021094581112265587,
    0.020839380100369453,
    0.019825251772999763,
    0.018226036801934242
  ]
}