{
  "dataset": "syn-trend_season-0.05",
  "model": "lstm",
  "mse": 539.5482374638284,
  "params": {
    "dropout": 0.0,
    "epochs": 100,
    "hidden_size": 64,
    "lr": 0.0001,
    "num_layers": 1
  },
  "tr_losses": [
    0.7708929777145386,
    0.7693261504173279,
    0.7677642107009888,
    0.7662069797515869,
    0.7646546363830566,
    0.7631070017814636,
    0.7615641355514526,
    0.7600258588790894,
    0.7584921717643738,
    0.7569629549980164,
    0.7554382681846619,
    0.7539179921150208,
    0.7524020075798035,
    0.75089031457901,
    0.7493826746940613,
    0.7478789687156677,
    0.7463791966438293,
    0.7448832988739014,
    0.7433909773826599,
    0.741902232170105,
    0.7404167056083679,
    0.7389345169067383,
    0.7374553084373474,
    0.7359790205955505,
    0.734505295753479,
    0.7330341935157776,
    0.7315653562545776,
    0.7300986647605896,
    0.7286339402198792,
    0.727171003818512,
    0.7257095575332642,
    0.724249541759491,
    0.7227906584739685,
    0.7213326692581177,
    0.7198753952980042,
    0.7184186577796936,
    0.7169622778892517,
    0.7155058979988098,
    0.7140494585037231,
    0.712592601776123,
    0.7111350297927856,
    0.7096767425537109,
    0.7082175016403198,
    0.7067568302154541,
    0.7052946090698242,
    0.7038307785987854,
    0.7023649215698242,
    0.700896680355072,
    0.6994260549545288,
    0.6979526877403259,
    0.6964765191078186,
    0.6949968934059143,
    0.6935139298439026,
    0.6920271515846252,
    0.690536379814148,
    0.6890414953231812,
    0.6875420212745667,
    0.6860377788543701,
    0.6845284700393677,
    0.683013916015625,
    0.6814937591552734,
    0.6799678206443787,
    0.6784355640411377,
    0.6768969893455505,
    0.6753516793251038,
    0.6737993955612183,
    0.6722396612167358,
    0.6706724762916565,
    0.6690973043441772,
    0.6675139665603638,
    0.6659219264984131,
    0.6643210649490356,
    0.6627110242843628,
    0.6610914468765259,
    0.6594618558883667,
    0.6578221321105957,
    0.6561717391014099,
    0.6545104384422302,
    0.6528377532958984,
    0.6511533260345459,
    0.649456799030304,
    0.6477476954460144,
    0.6460256576538086,
    0.6442902684211731,
    0.6425411105155945,
    0.6407776474952698,
    0.6389995813369751,
    0.6372062563896179,
    0.6353973746299744,
    0.6335723400115967,
    0.6317307353019714,
    0.6298719048500061,
    0.6279954314231873,
    0.6261008381843567,
    0.6241873502731323,
    0.6222545504570007,
    0.6203019022941589,
    0.6183286309242249,
    0.6163342595100403,
    0.6143180131912231
  ],
  "val_losses": [
    1.67134428024292,
    1.6710596084594727,
    1.670773983001709,
    1.6704864501953125,
    1.6701971292495728,
    1.669906735420227,
    1.669615626335144,
    1.6693239212036133,
    1.6690317392349243,
    1.6687393188476562,
    1.668446660041809,
    1.6681541204452515,
    1.6678619384765625,
    1.6675702333450317,
    1.6672792434692383,
    1.6669893264770508,
    1.6667003631591797,
    1.6664129495620728,
    1.6661268472671509,
    1.6658426523208618,
    1.6655597686767578,
    1.6652789115905762,
    1.6649998426437378,
    1.6647224426269531,
    1.6644471883773804,
    1.66417396068573,
    1.6639026403427124,
    1.6636332273483276,
    1.6633658409118652,
    1.6631006002426147,
    1.6628369092941284,
    1.662575364112854,
    1.6623157262802124,
    1.662057876586914,
    1.6618019342422485,
    1.6615477800369263,
    1.6612955331802368,
    1.6610450744628906,
    1.6607962846755981,
    1.660549283027649,
    1.6603039503097534,
    1.6600604057312012,
    1.6598182916641235,
    1.6595779657363892,
    1.6593393087387085,
    1.6591020822525024,
    1.6588667631149292,
    1.658632755279541,
    1.6584001779556274,
    1.6581692695617676,
    1.6579395532608032,
    1.657711386680603,
    1.657484531402588,
    1.6572589874267578,
    1.6570345163345337,
    1.6568113565444946,
    1.6565895080566406,
    1.6563682556152344,
    1.6561483144760132,
    1.6559292078018188,
    1.655711054801941,
    1.6554937362670898,
    1.6552772521972656,
    1.6550613641738892,
    1.65484619140625,
    1.654631495475769,
    1.6544173955917358,
    1.6542037725448608,
    1.653990387916565,
    1.6537774801254272,
    1.6535649299621582,
    1.6533523797988892,
    1.6531400680541992,
    1.6529278755187988,
    1.6527156829833984,
    1.6525036096572876,
    1.6522912979125977,
    1.6520789861679077,
    1.6518664360046387,
    1.6516536474227905,
    1.6514405012130737,
    1.6512269973754883,
    1.6510130167007446,
    1.6507987976074219,
    1.6505837440490723,
    1.650368332862854,
    1.6501522064208984,
    1.6499357223510742,
    1.649718165397644,
    1.6494998931884766,
    1.6492809057235718,
    1.6490612030029297,
    1.6488404273986816,
    1.6486186981201172,
    1.6483960151672363,
    1.6481722593307495,
    1.6479473114013672,
    1.647721290588379,
    1.6474939584732056,
    1.6472654342651367
  ]
}