{
  "dataset": "syn-trend_only-0.1",
  "model": "mlp",
  "mse": 1142.2580873162565,
  "params": {
    "epochs": 100,
    "hidden": [
      64,
      64
    ],
    "lr": 0.0001
  },
  "tr_losses": [
    0.8052484393119812,
    0.7994444370269775,
    0.7936658263206482,
    0.7879093289375305,
    0.7821768522262573,
    0.7764735817909241,
    0.7708013653755188,
    0.7651579976081848,
    0.7595453262329102,
    0.7539705634117126,
    0.7484471201896667,
    0.7429888248443604,
    0.7375941276550293,
    0.7322595715522766,
    0.7269726395606995,
    0.7217224836349487,
    0.7165086269378662,
    0.7113314867019653,
    0.70618736743927,
    0.701078474521637,
    0.6960300803184509,
    0.6910810470581055,
    0.6862167119979858,
    0.6814070343971252,
    0.6766402721405029,
    0.671911358833313,
    0.6672184467315674,
    0.6625608205795288,
    0.6579399704933167,
    0.6533620953559875,
    0.6488422751426697,
    0.6444075107574463,
    0.6400236487388611,
    0.635671854019165,
    0.6313403844833374,
    0.6270248293876648,
    0.6227326393127441,
    0.6184616088867188,
    0.6142100691795349,
    0.6099790334701538,
    0.6057661771774292,
    0.6015698313713074,
    0.5973926782608032,
    0.593233585357666,
    0.5890938639640808,
    0.5849841833114624,
    0.5809333920478821,
    0.5769607424736023,
    0.5730057954788208,
    0.5690605044364929,
    0.5651270151138306,
    0.5612000226974487,
    0.5572842359542847,
    0.5533781051635742,
    0.5494810342788696,
    0.5455929636955261,
    0.5417142510414124,
    0.5378463864326477,
    0.5339928865432739,
    0.5301572680473328,
    0.5263340473175049,
    0.5225220322608948,
    0.5187222361564636,
    0.5149312615394592,
    0.5111517906188965,
    0.5073822140693665,
    0.5036200881004333,
    0.4998680651187897,
    0.4961239695549011,
    0.4923873543739319,
    0.48865631222724915,
    0.48493385314941406,
    0.48121896386146545,
    0.47751057147979736,
    0.4738059639930725,
    0.47010716795921326,
    0.46641260385513306,
    0.46272414922714233,
    0.45904019474983215,
    0.45536214113235474,
    0.4516957998275757,
    0.44804805517196655,
    0.44442346692085266,
    0.4408135712146759,
    0.437218576669693,
    0.43363144993782043,
    0.4300549030303955,
    0.42648765444755554,
    0.4229297637939453,
    0.41937682032585144,
    0.41582995653152466,
    0.41229093074798584,
    0.40875717997550964,
    0.405227392911911,
    0.40170446038246155,
    0.39818885922431946,
    0.3946780860424042,
    0.3911713659763336,
    0.3876696527004242,
    0.38417190313339233
  ],
  "val_losses": [
    1.1195849180221558,
    1.112639307975769,
    1.1057041883468628,
    1.098776936531067,
    1.0918569564819336,
    1.0849491357803345,
    1.0780699253082275,
    1.0713506937026978,
    1.0648479461669922,
    1.0584157705307007,
    1.0519973039627075,
    1.0455740690231323,
    1.0391427278518677,
    1.032702088356018,
    1.0262484550476074,
    1.0197787284851074,
    1.0132914781570435,
    1.0067861080169678,
    1.0002638101577759,
    0.9937241077423096,
    0.9871671795845032,
    0.9805901050567627,
    0.9739945530891418,
    0.9673836827278137,
    0.9607589840888977,
    0.9541270732879639,
    0.9474796652793884,
    0.9408250451087952,
    0.9341602325439453,
    0.9274848103523254,
    0.9207985997200012,
    0.91410231590271,
    0.9073998332023621,
    0.9006902575492859,
    0.893976628780365,
    0.8872572779655457,
    0.8805316090583801,
    0.8737995028495789,
    0.867061197757721,
    0.860314130783081,
    0.8535609245300293,
    0.846799373626709,
    0.8400301933288574,
    0.8332560658454895,
    0.8264738917350769,
    0.8196836113929749,
    0.8128871917724609,
    0.806064784526825,
    0.7992338538169861,
    0.7924006581306458,
    0.7855650782585144,
    0.7787255644798279,
    0.7718830108642578,
    0.7650325894355774,
    0.7581749558448792,
    0.751316249370575,
    0.7444546818733215,
    0.7375842928886414,
    0.7307125926017761,
    0.723835289478302,
    0.7169573903083801,
    0.7100736498832703,
    0.7031901478767395,
    0.6963050961494446,
    0.6894174218177795,
    0.68253093957901,
    0.6756471991539001,
    0.668755829334259,
    0.6618673205375671,
    0.6549766659736633,
    0.6480913162231445,
    0.6412031054496765,
    0.6343133449554443,
    0.6274312138557434,
    0.6205582022666931,
    0.6136943697929382,
    0.6068315505981445,
    0.5999717116355896,
    0.5931156873703003,
    0.5862728953361511,
    0.5794436931610107,
    0.5726206302642822,
    0.5658083558082581,
    0.5590066313743591,
    0.5522139072418213,
    0.5454384088516235,
    0.5386729836463928,
    0.531919002532959,
    0.5251851081848145,
    0.5184808373451233,
    0.5118130445480347,
    0.5051873326301575,
    0.49859419465065,
    0.4920310080051422,
    0.48549309372901917,
    0.4789743423461914,
    0.47247588634490967,
    0.46599850058555603,
    0.45954325795173645,
    0.45310983061790466
  ]
}