{
  "dataset": "syn-season_only-0.2",
  "model": "mlp",
  "mse": 0.15973650849039026,
  "params": {
    "epochs": 100,
    "hidden": [
      64,
      64
    ],
    "lr": 0.001
  },
  "tr_losses": [
    0.954369843006134,
    0.907827615737915,
    0.8624038696289062,
    0.8180942535400391,
    0.7749947309494019,
    0.7329303622245789,
    0.6917471289634705,
    0.6514251232147217,
    0.6118432879447937,
    0.5729232430458069,
    0.534673273563385,
    0.49706581234931946,
    0.4602031409740448,
    0.4241541028022766,
    0.38908928632736206,
    0.3551645576953888,
    0.32249775528907776,
    0.29128146171569824,
    0.2616955637931824,
    0.2339472472667694,
    0.20824450254440308,
    0.18480925261974335,
    0.16384221613407135,
    0.1455080509185791,
    0.12995705008506775,
    0.11726189404726028,
    0.10740330815315247,
    0.10029572993516922,
    0.09575993567705154,
    0.09349530190229416,
    0.0931219607591629,
    0.09418324381113052,
    0.0961722806096077,
    0.09857171773910522,
    0.10089771449565887,
    0.10272892564535141,
    0.10378465056419373,
    0.10392305999994278,
    0.10314212739467621,
    0.10159267485141754
  ],
  "val_losses": [
    0.9116647839546204,
    0.8659663200378418,
    0.8213163018226624,
    0.7779378890991211,
    0.7361051440238953,
    0.6953268647193909,
    0.655585765838623,
    0.616575300693512,
    0.5783787369728088,
    0.5411608815193176,
    0.5046523213386536,
    0.4687822163105011,
    0.4337834417819977,
    0.39970436692237854,
    0.36674776673316956,
    0.33502665162086487,
    0.3047139346599579,
    0.276032418012619,
    0.24913060665130615,
    0.22434552013874054,
    0.20174109935760498,
    0.18153977394104004,
    0.16391883790493011,
    0.14894253015518188,
    0.13663284480571747,
    0.12698453664779663,
    0.11990130692720413,
    0.11519134044647217,
    0.11254844069480896,
    0.11164504289627075,
    0.11210373044013977,
    0.1133955717086792,
    0.11510933190584183,
    0.1168489083647728,
    0.11822434514760971,
    0.11897698044776917,
    0.11898718029260635,
    0.11824678629636765,
    0.1168711706995964,
    0.11502417922019958
  ]
}