{
  "dataset": "syn-season_only-0.0",
  "model": "mlp",
  "mse": 0.0839598136600534,
  "params": {
    "epochs": 200,
    "hidden": [
      64,
      64
    ],
    "lr": 0.001
  },
  "tr_losses": [
    0.9043107628822327,
    0.856109619140625,
    0.8101217150688171,
    0.7661071419715881,
    0.7233205437660217,
    0.6814550161361694,
    0.6411172151565552,
    0.6016513109207153,
    0.5631336569786072,
    0.5252785086631775,
    0.48805490136146545,
    0.45189785957336426,
    0.4161953628063202,
    0.38113027811050415,
    0.3472227156162262,
    0.3144824504852295,
    0.2826286852359772,
    0.2518676221370697,
    0.22237564623355865,
    0.19422392547130585,
    0.1676374226808548,
    0.14272893965244293,
    0.11958661675453186,
    0.0984545573592186,
    0.07948827743530273,
    0.06286883354187012,
    0.04874572530388832,
    0.03710594400763512,
    0.027902573347091675,
    0.020953893661499023,
    0.016113070771098137,
    0.013084386475384235,
    0.011585170403122902,
    0.011273589916527271,
    0.011799595318734646,
    0.012791337445378304,
    0.013933274894952774,
    0.014954181388020515,
    0.015638649463653564,
    0.01587267406284809,
    0.015601329505443573,
    0.014865538105368614,
    0.013775307685136795
  ],
  "val_losses": [
    0.8395246863365173,
    0.795030415058136,
    0.7522995471954346,
    0.7107124924659729,
    0.6700046062469482,
    0.6307871341705322,
    0.5923596024513245,
    0.5548513531684875,
    0.5179488062858582,
    0.4816511869430542,
    0.4463733434677124,
    0.4115540087223053,
    0.37732723355293274,
    0.34421253204345703,
    0.3122224509716034,
    0.2810538113117218,
    0.25091123580932617,
    0.22193503379821777,
    0.19420933723449707,
    0.16796350479125977,
    0.14330624043941498,
    0.12033548206090927,
    0.09929868578910828,
    0.08035807311534882,
    0.063707135617733,
    0.04951097443699837,
    0.037768568843603134,
    0.028447888791561127,
    0.021373746916651726,
    0.016420423984527588,
    0.013304953463375568,
    0.011749900877475739,
    0.011411654762923717,
    0.01193476002663374,
    0.012937176041305065,
    0.014092967845499516,
    0.015120688825845718,
    0.015796467661857605,
    0.016002709046006203,
    0.015685154125094414,
    0.014889980666339397,
    0.01373341679573059,
    0.012330696918070316
  ]
}