{
  "dataset": "syn-trend_season-0.1",
  "model": "kan",
  "mse": 570.9920866428918,
  "params": {
    "epochs": 100,
    "grid": 10,
    "hidden": [
      2,
      2
    ],
    "k": 3,
    "lamb_entropy": 0.0001,
    "lamb_l1": 0.0001,
    "lr": 0.001,
    "opt": "Adam"
  },
  "tr_losses": [
    0.7629116481636791,
    0.7602569759997719,
    0.7562001967485348,
    0.7543672052276413,
    0.7534891429850006,
    0.7493140577974019,
    0.7496912722751129,
    0.7453096665175526,
    0.7497560260791821,
    0.739729001719787,
    0.7398097274158765,
    0.7356709279920381,
    0.7325350813326496,
    0.7304148709797835,
    0.7249343045280605,
    0.7223270504139596
  ],
  "val_losses": [
    1.5013029234206317,
    1.5018975058195718,
    1.5011057774034864,
    1.496411625309456,
    1.5000905808016096,
    1.4961037179792875,
    1.4989983834834772,
    1.4974235326428598,
    1.4968190931098941,
    1.4902635686531405,
    1.4878189600528016,
    1.4864062626798928,
    1.4881332324037047,
    1.4792503707878843,
    1.4860187607073818,
    1.4905883949568721
  ]
}