{
  "dataset": "syn-season_only-0.2",
  "model": "lstm",
  "mse": 0.14197829659806863,
  "params": {
    "dropout": 0.1,
    "epochs": 100,
    "hidden_size": 32,
    "lr": 0.001,
    "num_layers": 1
  },
  "tr_losses": [
    1.0059376955032349,
    1.0021425485610962,
    0.9984034299850464,
    0.9947105050086975,
    0.9910563826560974,
    0.9874342679977417,
    0.9838375449180603,
    0.9802598357200623,
    0.9766940474510193,
    0.9731317162513733,
    0.9695644378662109,
    0.9659821391105652,
    0.9623743891716003,
    0.9587309956550598,
    0.9550405144691467,
    0.9512922167778015,
    0.9474746584892273,
    0.9435760378837585,
    0.9395843744277954,
    0.935486912727356,
    0.9312705397605896,
    0.9269212484359741,
    0.9224243760108948,
    0.9177647829055786,
    0.9129262566566467,
    0.9078920483589172,
    0.9026442766189575,
    0.897163987159729,
    0.8914312124252319,
    0.8854241967201233,
    0.8791196346282959,
    0.8724921345710754,
    0.8655136823654175,
    0.8581537008285522,
    0.8503784537315369,
    0.8421509861946106,
    0.8334305286407471,
    0.8241724967956543,
    0.8143280744552612,
    0.8038434386253357,
    0.7926594614982605,
    0.78071129322052,
    0.7679281234741211,
    0.7542324662208557,
    0.739540696144104,
    0.7237634062767029,
    0.7068058848381042,
    0.6885703802108765,
    0.6689571738243103,
    0.6478694081306458,
    0.6252166628837585,
    0.6009210348129272,
    0.5749250650405884,
    0.54720139503479,
    0.5177634954452515,
    0.4866787791252136,
    0.4540823698043823,
    0.4201909303665161,
    0.3853144645690918,
    0.3498651683330536,
    0.31435880064964294,
    0.2794068455696106,
    0.24569697678089142,
    0.21395933628082275,
    0.1849202960729599,
    0.15924543142318726,
    0.13747729361057281,
    0.11997344344854355,
    0.106853187084198,
    0.09796204417943954,
    0.09286592155694962,
    0.09088750183582306,
    0.09119001030921936,
    0.09289461374282837,
    0.09519773721694946,
    0.09745293855667114,
    0.09920395165681839,
    0.1001787930727005,
    0.10026448220014572,
    0.09947653859853745,
    0.09792850911617279,
    0.09580089151859283
  ],
  "val_losses": [
    1.002087950706482,
    0.9983911514282227,
    0.9947393536567688,
    0.9911251068115234,
    0.9875414371490479,
    0.9839820861816406,
    0.9804407954216003,
    0.9769100546836853,
    0.9733818173408508,
    0.9698472023010254,
    0.9662962555885315,
    0.9627190232276917,
    0.9591048359870911,
    0.9554428458213806,
    0.9517221450805664,
    0.9479314684867859,
    0.9440593719482422,
    0.9400935769081116,
    0.9360215663909912,
    0.9318297505378723,
    0.9275043606758118,
    0.9230306148529053,
    0.918393075466156,
    0.9135756492614746,
    0.9085615277290344,
    0.9033327698707581,
    0.8978707194328308,
    0.8921551704406738,
    0.8861649036407471,
    0.8798770904541016,
    0.8732669353485107,
    0.8663075566291809,
    0.8589696288108826,
    0.8512207865715027,
    0.8430252075195312,
    0.8343436121940613,
    0.8251328468322754,
    0.8153455257415771,
    0.8049296736717224,
    0.7938282489776611,
    0.7819787859916687,
    0.7693135142326355,
    0.7557582855224609,
    0.7412334084510803,
    0.725654125213623,
    0.7089309096336365,
    0.6909715533256531,
    0.6716828346252441,
    0.6509750485420227,
    0.628764808177948,
    0.6049819588661194,
    0.579576849937439,
    0.5525290369987488,
    0.5238581299781799,
    0.4936356544494629,
    0.4619978368282318,
    0.42915788292884827,
    0.39541709423065186,
    0.3611718416213989,
    0.3269144594669342,
    0.2932247519493103,
    0.2607511579990387,
    0.23017893731594086,
    0.20218735933303833,
    0.17739741504192352,
    0.1563151329755783,
    0.13927491009235382,
    0.12639103829860687,
    0.11752545833587646,
    0.11228238791227341,
    0.1100408211350441,
    0.11002960801124573,
    0.11143223196268082,
    0.11349248886108398,
    0.11558913439512253,
    0.1172681450843811,
    0.11824104189872742,
    0.11836668848991394,
    0.11762898415327072,
    0.1161135658621788,
    0.11398158222436905,
    0.11143955588340759
  ]
}