{
  "dataset": "syn-trend_only-0.05",
  "model": "kan",
  "mse": 534.901543140136,
  "params": {
    "epochs": 100,
    "grid": 5,
    "hidden": [
      2
    ],
    "k": 3,
    "lamb_entropy": 0.0,
    "lamb_l1": 0.0,
    "lr": 0.001,
    "opt": "Adam"
  },
  "tr_losses": [
    0.7938707717452371,
    0.7893044948945391,
    0.7848686693458334,
    0.7806253254332007,
    0.776624881498243,
    0.7729175603273951,
    0.7696050185428336,
    0.7665251149612582,
    0.7636205140731569,
    0.7610396843777457,
    0.7591488320787994,
    0.7565617644248986,
    0.7539399274090339,
    0.7520575860608152,
    0.7491887531156192,
    0.7467736772177915,
    0.7436746640241687,
    0.7397817756863068,
    0.7322319552637216,
    0.7216791839169899,
    0.7180284417949435,
    0.717907007682811,
    0.7095104038736657,
    0.7138920992732948,
    0.7021933526421767,
    0.6986469286317077,
    0.6869717422905272,
    0.6203402974403165,
    0.5141878964594382,
    0.5385517938372575,
    0.5155893955231831,
    0.4830875633313363,
    0.508575174002961,
    0.4482673860925226,
    0.35726364579275505,
    0.2393299929940728,
    0.31930886909171485,
    0.1615626434342645,
    0.2190960226102458
  ],
  "val_losses": [
    1.6947988948585195,
    1.6827245420952248,
    1.6707913350011843,
    1.6589038080103142,
    1.6471826541983774,
    1.6355909753021887,
    1.624240849030235,
    1.6131489091597944,
    1.602296078912125,
    1.5916788332867988,
    1.5853617258142518,
    1.5765157810923032,
    1.572624205166261,
    1.5640699474469955,
    1.56025106703167,
    1.5493817837080825,
    1.5479589991113205,
    1.544513909858659,
    1.5473325196742087,
    1.53045953024597,
    1.5260875120835242,
    1.4970422347729169,
    1.5269671933328544,
    1.5020011818274697,
    1.512976334095275,
    1.4991835115527217,
    1.482790502369075,
    1.4348280530767223,
    1.3705998845409983,
    1.2475070239072346,
    1.0232078922251786,
    1.1767032156666615,
    0.9381230091058493,
    1.0890865141982056,
    0.9739294025435278,
    0.925237354315818,
    0.8327884054559638,
    0.9380650022484001,
    1.009311544508643
  ]
}