{
  "dataset": "syn-season_only-0.1",
  "model": "mlp",
  "mse": 0.1076226237893174,
  "params": {
    "epochs": 100,
    "hidden": [
      128,
      128,
      128
    ],
    "lr": 0.001
  },
  "tr_losses": [
    1.031008005142212,
    0.9571050405502319,
    0.8909977078437805,
    0.8288233876228333,
    0.7664808034896851,
    0.7028190493583679,
    0.6365844011306763,
    0.5681744813919067,
    0.49862706661224365,
    0.4285027086734772,
    0.3599347174167633,
    0.2956785261631012,
    0.23862135410308838,
    0.1908596158027649,
    0.15258479118347168,
    0.12225768715143204,
    0.09852693229913712,
    0.08340584486722946,
    0.08001290261745453,
    0.08660389482975006,
    0.09464956820011139,
    0.09529998898506165,
    0.08641049265861511,
    0.07205048203468323,
    0.05806552246212959,
    0.048101719468832016,
    0.04212791472673416,
    0.03861146420240402,
    0.036687158048152924,
    0.036284685134887695,
    0.037424925714731216,
    0.03940742090344429,
    0.04079374670982361,
    0.04042832553386688,
    0.038152918219566345,
    0.03476141393184662,
    0.03147510439157486,
    0.02926943451166153,
    0.028392566367983818,
    0.028296511620283127,
    0.028181755915284157,
    0.02762368693947792,
    0.026708660647273064,
    0.02573450095951557,
    0.02487025409936905,
    0.02405848540365696,
    0.02322116307914257,
    0.022455886006355286,
    0.02202114276587963,
    0.022105811163783073,
    0.02261250652372837,
    0.0232012290507555,
    0.023538773879408836,
    0.023514609783887863,
    0.023238329216837883,
    0.02287440560758114,
    0.022493619471788406
  ],
  "val_losses": [
    0.9347763657569885,
    0.8688716888427734,
    0.8068782687187195,
    0.7446539998054504,
    0.6812872290611267,
    0.6155681014060974,
    0.5478978157043457,
    0.47928568720817566,
    0.4104764461517334,
    0.3436761796474457,
    0.2818448543548584,
    0.22787290811538696,
    0.18369357287883759,
    0.14934223890304565,
    0.12275180965662003,
    0.10186775773763657,
    0.08833939582109451,
    0.08549416065216064,
    0.09171486645936966,
    0.0988062396645546,
    0.09836310893297195,
    0.08855211734771729,
    0.07373719662427902,
    0.059768568724393845,
    0.04993055760860443,
    0.044156551361083984,
    0.04055376350879669,
    0.0381840281188488,
    0.03711757808923721,
    0.03765558823943138,
    0.03929778188467026,
    0.04060878977179527,
    0.04040810838341713,
    0.03846977278590202,
    0.03554730489850044,
    0.03282070904970169,
    0.031229069456458092,
    0.03094540350139141,
    0.03131569176912308,
    0.03139243647456169,
    0.0307867843657732,
    0.02966446243226528,
    0.02847590483725071,
    0.02752179466187954,
    0.026797592639923096,
    0.02621479332447052,
    0.02582664228975773,
    0.025859348475933075,
    0.026421720162034035,
    0.027338212355971336,
    0.0282132625579834,
    0.02868223935365677,
    0.028654515743255615,
    0.028286850079894066,
    0.02780424989759922,
    0.027342909947037697,
    0.026927649974822998
  ]
}