{
  "dataset": "syn-trend_only-0.1",
  "model": "kan",
  "mse": 532.4239695516931,
  "params": {
    "epochs": 100,
    "grid": 5,
    "hidden": [
      2
    ],
    "k": 3,
    "lamb_entropy": 0.01,
    "lamb_l1": 0.0001,
    "lr": 0.001,
    "opt": "Adam"
  },
  "tr_losses": [
    0.7937738819832254,
    0.7892092422307808,
    0.7847751707807183,
    0.780535244208777,
    0.7765402339532548,
    0.7728408457845986,
    0.7695391164763962,
    0.766469232508116,
    0.7635847869655105,
    0.7610204609857182,
    0.7589388367321762,
    0.7565410016225622,
    0.7537138931039558,
    0.7512687996528131,
    0.7485135410923008,
    0.7466631569213397,
    0.7429168275756887,
    0.739125887094206,
    0.7347898518837432,
    0.7284621195289126,
    0.7204111325975625,
    0.7181958656585768,
    0.7136208794698153,
    0.7089787852630114,
    0.7039142136384915,
    0.693731335540885,
    0.687517744479561,
    0.6792940357278873,
    0.6687985339567603,
    0.658382310590913,
    0.644772398160533,
    0.6282487176937276,
    0.6152878248000415,
    0.6000360502510649
  ],
  "val_losses": [
    1.6973879551035058,
    1.68528218190891,
    1.6733183683543988,
    1.6613961623775966,
    1.6496309410989145,
    1.6379440564398695,
    1.6264877617867324,
    1.6153101948873534,
    1.6042440168512122,
    1.5933674956870354,
    1.586865612599131,
    1.5778059022565323,
    1.5738894160954506,
    1.5651257184206804,
    1.5606976118094258,
    1.548268424793122,
    1.547614751808589,
    1.5407644069059903,
    1.5295958447954756,
    1.5233312529769114,
    1.5136094642756301,
    1.4832791062080564,
    1.4020403213831314,
    1.4402735277549172,
    1.3572445692079842,
    1.417300597696178,
    1.3237539499630466,
    1.249506412462986,
    1.1259743497238484,
    1.0409127415230832,
    0.9525675219963187,
    0.9349214881825024,
    0.9990010248799907,
    1.22020851611334
  ]
}