{
  "dataset": "syn-season_only-0.05",
  "model": "mlp",
  "mse": 0.09301883632668373,
  "params": {
    "epochs": 200,
    "hidden": [
      64,
      64
    ],
    "lr": 0.001
  },
  "tr_losses": [
    0.9036126136779785,
    0.8555365204811096,
    0.8094807863235474,
    0.7651757597923279,
    0.7221266627311707,
    0.6802286505699158,
    0.639488160610199,
    0.5997070670127869,
    0.5606690049171448,
    0.5223442912101746,
    0.4847162961959839,
    0.44792982935905457,
    0.41191208362579346,
    0.37666991353034973,
    0.3424333930015564,
    0.30931925773620605,
    0.27725622057914734,
    0.24645696580410004,
    0.21704654395580292,
    0.18918097019195557,
    0.1629941463470459,
    0.1386057287454605,
    0.1161622703075409,
    0.09583690017461777,
    0.0778016746044159,
    0.06220966577529907,
    0.04914021119475365,
    0.03854928910732269,
    0.030352657660841942,
    0.024373693391680717,
    0.020416725426912308,
    0.01822514645755291,
    0.017479391768574715,
    0.017813922837376595,
    0.01884308084845543,
    0.020185483619570732,
    0.021502353250980377,
    0.02252241224050522,
    0.023061562329530716,
    0.023040248081088066,
    0.022457890212535858,
    0.021380791440606117
  ],
  "val_losses": [
    0.8404771685600281,
    0.7955229878425598,
    0.7523722648620605,
    0.7102334499359131,
    0.6693422198295593,
    0.629448652267456,
    0.5903775095939636,
    0.5520647168159485,
    0.5145545601844788,
    0.47774839401245117,
    0.4416450560092926,
    0.40625882148742676,
    0.3717503249645233,
    0.33824238181114197,
    0.30570337176322937,
    0.2742745578289032,
    0.2440280318260193,
    0.21506816148757935,
    0.1875731199979782,
    0.16166403889656067,
    0.13747988641262054,
    0.11516643315553665,
    0.09495311975479126,
    0.07699135690927505,
    0.0613836832344532,
    0.04823742434382439,
    0.03763631731271744,
    0.02944338321685791,
    0.023488730192184448,
    0.019582292065024376,
    0.01747799478471279,
    0.016862262040376663,
    0.01737314462661743,
    0.018612902611494064,
    0.020174235105514526,
    0.02170298993587494,
    0.022909829393029213,
    0.023591453209519386,
    0.0236673504114151,
    0.02313266508281231,
    0.022061651572585106,
    0.020608065649867058
  ]
}