{
  "dataset": "syn-trend_season-0.05",
  "model": "mlp",
  "mse": 919.6050376701255,
  "params": {
    "epochs": 100,
    "hidden": [
      64,
      64
    ],
    "lr": 0.0001
  },
  "tr_losses": [
    0.9357941746711731,
    0.9301133751869202,
    0.9244670271873474,
    0.9188511967658997,
    0.9132601618766785,
    0.9076997637748718,
    0.9021708369255066,
    0.8966758847236633,
    0.8912187218666077,
    0.8858063220977783,
    0.8804401755332947,
    0.8751214742660522,
    0.8698456287384033,
    0.8646078705787659,
    0.8594142198562622,
    0.8542623519897461,
    0.8491536378860474,
    0.8440842032432556,
    0.8390551209449768,
    0.8340744376182556,
    0.8291423916816711,
    0.824256420135498,
    0.8194154500961304,
    0.8146087527275085,
    0.8098455667495728,
    0.805120587348938,
    0.8004312515258789,
    0.7957909107208252,
    0.7911863327026367,
    0.7866128087043762,
    0.7820708155632019,
    0.7775616645812988,
    0.7730844616889954,
    0.768636167049408,
    0.7642166018486023,
    0.7598294615745544,
    0.7554690837860107,
    0.7511332631111145,
    0.7468194365501404,
    0.7425290942192078,
    0.7382641434669495,
    0.7340196371078491,
    0.7297914028167725,
    0.7255774736404419,
    0.7213755249977112,
    0.7171854376792908,
    0.7130036950111389,
    0.7088314890861511,
    0.7046648859977722,
    0.7005047798156738,
    0.6963506937026978,
    0.6922013163566589,
    0.6880568265914917,
    0.6839148998260498,
    0.6797776818275452,
    0.6756440997123718,
    0.6715142130851746,
    0.6673874258995056,
    0.6632646918296814,
    0.6591492295265198,
    0.65503990650177,
    0.6509361267089844,
    0.6468398571014404,
    0.6427549123764038,
    0.6386783719062805,
    0.6346100568771362,
    0.6305569410324097,
    0.6265237927436829,
    0.6225063800811768,
    0.6185043454170227,
    0.6145158410072327,
    0.6105343699455261,
    0.6065605282783508,
    0.6025967597961426,
    0.598646342754364,
    0.5947030186653137,
    0.5907623767852783,
    0.586822509765625,
    0.5828877091407776,
    0.5789639353752136,
    0.5750465393066406,
    0.5711328387260437,
    0.567221462726593,
    0.563315212726593,
    0.5594132542610168,
    0.5555130243301392,
    0.5516122579574585,
    0.5477112531661987,
    0.5438100695610046,
    0.539908230304718,
    0.5360064506530762,
    0.5321057438850403,
    0.5282054543495178,
    0.5243030786514282,
    0.5204017758369446,
    0.5165040493011475,
    0.5126090049743652,
    0.5087161660194397,
    0.5048253536224365,
    0.500937283039093
  ],
  "val_losses": [
    1.2749592065811157,
    1.2701648473739624,
    1.265342116355896,
    1.2604800462722778,
    1.2555898427963257,
    1.2506892681121826,
    1.2457774877548218,
    1.2408583164215088,
    1.2359434366226196,
    1.2310384511947632,
    1.2261420488357544,
    1.2212591171264648,
    1.2163890600204468,
    1.2115331888198853,
    1.2066895961761475,
    1.201858401298523,
    1.1970430612564087,
    1.1922413110733032,
    1.1874446868896484,
    1.182644009590149,
    1.177850604057312,
    1.1730509996414185,
    1.168244481086731,
    1.1634377241134644,
    1.1586204767227173,
    1.1538031101226807,
    1.148974061012268,
    1.144132137298584,
    1.139276146888733,
    1.134238839149475,
    1.129123568534851,
    1.1239490509033203,
    1.1187196969985962,
    1.1134182214736938,
    1.1080750226974487,
    1.102700114250183,
    1.097287654876709,
    1.0918468236923218,
    1.0863703489303589,
    1.0808616876602173,
    1.075330138206482,
    1.0697704553604126,
    1.0641837120056152,
    1.058577537536621,
    1.0529545545578003,
    1.0473166704177856,
    1.0416640043258667,
    1.0359997749328613,
    1.0303207635879517,
    1.0246281623840332,
    1.0189270973205566,
    1.013218879699707,
    1.0075044631958008,
    1.001779556274414,
    0.996044933795929,
    0.9903004765510559,
    0.984551191329956,
    0.9787951111793518,
    0.9730302691459656,
    0.967257022857666,
    0.9614778161048889,
    0.9556920528411865,
    0.949903666973114,
    0.9441105723381042,
    0.9383135437965393,
    0.9325127005577087,
    0.9267074465751648,
    0.9208981394767761,
    0.9150862097740173,
    0.9092723727226257,
    0.9034555554389954,
    0.897637128829956,
    0.8918172717094421,
    0.8859960436820984,
    0.8801753520965576,
    0.8743576407432556,
    0.8685402870178223,
    0.8627241253852844,
    0.8569097518920898,
    0.8510996699333191,
    0.8452958464622498,
    0.8394957184791565,
    0.8337013721466064,
    0.8279109001159668,
    0.8221490979194641,
    0.8164506554603577,
    0.8108243942260742,
    0.8052496314048767,
    0.7997215390205383,
    0.7942344546318054,
    0.7887913584709167,
    0.7833807468414307,
    0.7780020833015442,
    0.7726478576660156,
    0.7673139572143555,
    0.7620040774345398,
    0.7567129135131836,
    0.7514384388923645,
    0.7461835741996765,
    0.7409400343894958
  ]
}