{
  "dataset": "syn-season_only-0.2",
  "model": "lstm",
  "mse": 0.15740224216982363,
  "params": {
    "dropout": 0.0,
    "epochs": 100,
    "hidden_size": 32,
    "lr": 0.001,
    "num_layers": 1
  },
  "tr_losses": [
    1.0203520059585571,
    1.0169858932495117,
    1.0136884450912476,
    1.0104581117630005,
    1.0072920322418213,
    1.0041871070861816,
    1.0011385679244995,
    0.998140811920166,
    0.9951878786087036,
    0.9922723174095154,
    0.9893859624862671,
    0.986519992351532,
    0.983665406703949,
    0.9808130860328674,
    0.9779534339904785,
    0.9750765562057495,
    0.9721724987030029,
    0.9692308306694031,
    0.9662401080131531,
    0.9631888270378113,
    0.9600639939308167,
    0.9568522572517395,
    0.953539252281189,
    0.950109601020813,
    0.9465469717979431,
    0.9428338408470154,
    0.9389516711235046,
    0.9348798990249634,
    0.9305971264839172,
    0.9260798096656799,
    0.921302855014801,
    0.9162387251853943,
    0.910857617855072,
    0.9051268100738525,
    0.8990111351013184,
    0.8924709558486938,
    0.8854635953903198,
    0.8779411315917969,
    0.869851291179657,
    0.8611363768577576,
    0.8517324328422546,
    0.8415694832801819,
    0.8305707573890686,
    0.8186531066894531,
    0.8057265877723694,
    0.7916947603225708,
    0.7764561772346497,
    0.7599048018455505,
    0.7419328093528748,
    0.7224328517913818,
    0.7013033628463745,
    0.6784536242485046,
    0.6538115739822388,
    0.6273336410522461,
    0.5990164279937744,
    0.5689104795455933,
    0.5371350646018982,
    0.5038920640945435,
    0.46947792172431946,
    0.4342876076698303,
    0.39881086349487305,
    0.36361464858055115,
    0.3293132185935974,
    0.2965255677700043,
    0.2658258378505707,
    0.2376926988363266,
    0.21247051656246185,
    0.1903509497642517,
    0.1713762879371643,
    0.15545816719532013,
    0.14240260422229767,
    0.13193370401859283,
    0.1237146407365799,
    0.11736693978309631,
    0.11249198019504547,
    0.10869681090116501,
    0.10562252998352051,
    0.10296985507011414,
    0.10051702708005905,
    0.09812615811824799,
    0.09573745727539062,
    0.09335386008024216,
    0.09101948887109756,
    0.08879654109477997,
    0.0867445096373558,
    0.08490560948848724,
    0.08329857140779495,
    0.08192101866006851,
    0.08075761795043945,
    0.07978959381580353,
    0.07900100946426392,
    0.07837999612092972,
    0.07791561633348465,
    0.0775931254029274,
    0.07739046216011047,
    0.07727763801813126,
    0.07721959799528122,
    0.0771811380982399,
    0.07713250815868378,
    0.07705367356538773
  ],
  "val_losses": [
    1.0158711671829224,
    1.0126919746398926,
    1.0095772743225098,
    1.0065242052078247,
    1.0035290718078613,
    1.0005872249603271,
    0.9976934790611267,
    0.9948412775993347,
    0.9920236468315125,
    0.9892327189445496,
    0.9864596724510193,
    0.9836960434913635,
    0.9809327125549316,
    0.9781603813171387,
    0.9753696322441101,
    0.9725502133369446,
    0.9696917533874512,
    0.9667827486991882,
    0.9638110995292664,
    0.9607638716697693,
    0.9576274752616882,
    0.9543871879577637,
    0.9510276913642883,
    0.9475326538085938,
    0.943884551525116,
    0.9400646090507507,
    0.9360525012016296,
    0.9318267703056335,
    0.9273640513420105,
    0.9226391911506653,
    0.9176249504089355,
    0.912291944026947,
    0.9066079258918762,
    0.9005377888679504,
    0.8940432667732239,
    0.8870818614959717,
    0.8796070218086243,
    0.8715675473213196,
    0.8629068732261658,
    0.8535630106925964,
    0.8434677124023438,
    0.8325468897819519,
    0.8207200169563293,
    0.8079004883766174,
    0.7939960360527039,
    0.7789092063903809,
    0.7625392079353333,
    0.7447836399078369,
    0.7255411148071289,
    0.7047162055969238,
    0.6822240352630615,
    0.6579980254173279,
    0.6319983005523682,
    0.6042233109474182,
    0.5747219324111938,
    0.5436074733734131,
    0.5110709071159363,
    0.4773918688297272,
    0.4429439604282379,
    0.4081917107105255,
    0.3736763000488281,
    0.33998915553092957,
    0.3077341616153717,
    0.27748095989227295,
    0.24971657991409302,
    0.2248063087463379,
    0.2029719203710556,
    0.18428921699523926,
    0.16870003938674927,
    0.15603107213974,
    0.14601369202136993,
    0.138303741812706,
    0.1325022131204605,
    0.1281808614730835,
    0.12491349130868912,
    0.12230992317199707,
    0.12004625797271729,
    0.1178857684135437,
    0.11568615585565567,
    0.11339298635721207,
    0.1110224798321724,
    0.10863751173019409,
    0.10632181912660599,
    0.1041569709777832,
    0.10220527648925781,
    0.10050211101770401,
    0.09905656427145004,
    0.09785912185907364,
    0.09689123183488846,
    0.09613243490457535,
    0.09556301683187485,
    0.09516225010156631,
    0.09490519762039185,
    0.09476015716791153,
    0.09468895941972733,
    0.09465023130178452,
    0.09460464864969254,
    0.09452042728662491,
    0.09437759965658188,
    0.09416971355676651
  ]
}