{
  "dataset": "syn-trend_only-0.05",
  "model": "lstm",
  "mse": 539.5328846515102,
  "params": {
    "dropout": 0.0,
    "epochs": 100,
    "hidden_size": 64,
    "lr": 0.0001,
    "num_layers": 1
  },
  "tr_losses": [
    0.7700120806694031,
    0.7684410810470581,
    0.7668749094009399,
    0.7653136253356934,
    0.7637569308280945,
    0.7622050642967224,
    0.7606579065322876,
    0.7591155171394348,
    0.7575775980949402,
    0.7560442090034485,
    0.7545153498649597,
    0.7529909014701843,
    0.751470685005188,
    0.7499548196792603,
    0.748443067073822,
    0.746935248374939,
    0.7454313635826111,
    0.7439313530921936,
    0.7424349188804626,
    0.7409420013427734,
    0.7394524216651917,
    0.7379661202430725,
    0.7364827990531921,
    0.735002338886261,
    0.7335246205329895,
    0.732049286365509,
    0.7305764555931091,
    0.7291056513786316,
    0.7276369333267212,
    0.7261698246002197,
    0.7247042655944824,
    0.7232401371002197,
    0.721777081489563,
    0.7203150987625122,
    0.718853771686554,
    0.7173929214477539,
    0.7159323692321777,
    0.7144718766212463,
    0.7130113244056702,
    0.711550235748291,
    0.7100886702537537,
    0.7086262106895447,
    0.7071627378463745,
    0.7056979537010193,
    0.7042316198348999,
    0.7027634978294373,
    0.701293408870697,
    0.6998210549354553,
    0.6983462572097778,
    0.6968686580657959,
    0.69538813829422,
    0.6939042806625366,
    0.6924169659614563,
    0.6909258961677551,
    0.6894308924674988,
    0.6879315972328186,
    0.6864277124404907,
    0.6849191188812256,
    0.683405339717865,
    0.6818863749504089,
    0.6803617477416992,
    0.6788312196731567,
    0.6772945523262024,
    0.6757514476776123,
    0.6742015480995178,
    0.6726446747779846,
    0.6710803508758545,
    0.6695084571838379,
    0.6679285764694214,
    0.6663404703140259,
    0.6647437214851379,
    0.6631380319595337,
    0.661523163318634,
    0.6598986983299255,
    0.6582642197608948,
    0.6566195487976074,
    0.6549640893936157,
    0.6532977223396301,
    0.6516199707984924,
    0.6499303579330444,
    0.6482285261154175,
    0.6465141177177429,
    0.6447868347167969,
    0.6430460810661316,
    0.6412914395332336,
    0.6395226120948792,
    0.6377389430999756,
    0.6359400749206543,
    0.6341255307197571,
    0.632294774055481,
    0.6304473280906677,
    0.6285826563835144,
    0.6267002820968628,
    0.6247996091842651,
    0.6228801012039185,
    0.6209412217140198,
    0.6189822554588318,
    0.6170026659965515,
    0.6150018572807312,
    0.6129791736602783
  ],
  "val_losses": [
    1.6778720617294312,
    1.6775836944580078,
    1.6772938966751099,
    1.6770025491714478,
    1.6767091751098633,
    1.676414966583252,
    1.6761199235916138,
    1.6758242845535278,
    1.6755284070968628,
    1.6752320528030396,
    1.6749356985092163,
    1.674639344215393,
    1.674343228340149,
    1.674047589302063,
    1.6737526655197144,
    1.673458456993103,
    1.6731654405593872,
    1.672873616218567,
    1.6725832223892212,
    1.6722946166992188,
    1.6720075607299805,
    1.6717222929000854,
    1.6714386940002441,
    1.6711572408676147,
    1.6708775758743286,
    1.6705998182296753,
    1.6703243255615234,
    1.6700506210327148,
    1.6697789430618286,
    1.6695090532302856,
    1.6692414283752441,
    1.6689757108688354,
    1.66871178150177,
    1.668449878692627,
    1.6681896448135376,
    1.6679314374923706,
    1.6676750183105469,
    1.6674202680587769,
    1.66716730594635,
    1.6669162511825562,
    1.6666669845581055,
    1.6664193868637085,
    1.6661733388900757,
    1.6659289598464966,
    1.6656864881515503,
    1.665445327758789,
    1.665205955505371,
    1.6649681329727173,
    1.6647319793701172,
    1.6644970178604126,
    1.6642638444900513,
    1.664031982421875,
    1.6638015508651733,
    1.6635724306106567,
    1.6633445024490356,
    1.66311776638031,
    1.6628923416137695,
    1.6626678705215454,
    1.6624447107315063,
    1.6622223854064941,
    1.6620010137557983,
    1.6617803573608398,
    1.6615605354309082,
    1.6613413095474243,
    1.6611229181289673,
    1.6609050035476685,
    1.660687804222107,
    1.6604708433151245,
    1.6602543592453003,
    1.6600381135940552,
    1.6598221063613892,
    1.6596064567565918,
    1.6593910455703735,
    1.6591755151748657,
    1.658959984779358,
    1.6587446928024292,
    1.6585289239883423,
    1.6583133935928345,
    1.6580976247787476,
    1.6578816175460815,
    1.6576648950576782,
    1.657448172569275,
    1.6572309732437134,
    1.6570132970809937,
    1.6567949056625366,
    1.656576156616211,
    1.6563568115234375,
    1.6561365127563477,
    1.6559157371520996,
    1.6556940078735352,
    1.6554714441299438,
    1.6552481651306152,
    1.6550239324569702,
    1.6547986268997192,
    1.6545724868774414,
    1.654345154762268,
    1.6541166305541992,
    1.6538867950439453,
    1.653656005859375,
    1.6534239053726196
  ]
}