{
  "dataset": "syn-season_only-0.05",
  "model": "lstm",
  "mse": 0.09513833217568822,
  "params": {
    "dropout": 0.0,
    "epochs": 100,
    "hidden_size": 64,
    "lr": 0.001,
    "num_layers": 1
  },
  "tr_losses": [
    0.9963502287864685,
    0.9913647770881653,
    0.9864399433135986,
    0.9815524816513062,
    0.9766784310340881,
    0.9717931151390076,
    0.9668719172477722,
    0.9618892073631287,
    0.9568184614181519,
    0.9516316056251526,
    0.9462973475456238,
    0.9407830834388733,
    0.9350520968437195,
    0.9290645718574524,
    0.9227765202522278,
    0.9161401987075806,
    0.9091025590896606,
    0.9016051888465881,
    0.893582820892334,
    0.8849620223045349,
    0.8756591081619263,
    0.8655790090560913,
    0.8546119332313538,
    0.8426316976547241,
    0.8294918537139893,
    0.8150234818458557,
    0.7990314364433289,
    0.781290590763092,
    0.7615435719490051,
    0.7394979000091553,
    0.7148265242576599,
    0.6871706247329712,
    0.6561478972434998,
    0.621369481086731,
    0.582469642162323,
    0.5391535758972168,
    0.4912695586681366,
    0.43891218304634094,
    0.38255712389945984,
    0.32322633266448975,
    0.262664794921875,
    0.2034791111946106,
    0.1491466611623764,
    0.10375842452049255,
    0.07130612432956696,
    0.054304905235767365,
    0.051944006234407425,
    0.059290431439876556,
    0.06942028552293777,
    0.07688633352518082,
    0.07915351539850235,
    0.07595560699701309,
    0.06826334446668625,
    0.05761060491204262,
    0.04571368172764778,
    0.03421001136302948,
    0.024446871131658554,
    0.01731051690876484,
    0.013111475855112076,
    0.011577470228075981,
    0.012002305127680302,
    0.013523407280445099,
    0.015393080189824104,
    0.0171019546687603,
    0.0183540228754282,
    0.01899281144142151,
    0.018955126404762268,
    0.018263638019561768,
    0.01703207939863205
  ],
  "val_losses": [
    0.9703609943389893,
    0.9655776023864746,
    0.9608495831489563,
    0.9561252593994141,
    0.9513667225837708,
    0.9465435147285461,
    0.9416294097900391,
    0.936603844165802,
    0.9314472079277039,
    0.926135241985321,
    0.9206394553184509,
    0.9149274826049805,
    0.9089629054069519,
    0.9027056694030762,
    0.8961111903190613,
    0.8891296982765198,
    0.8817062377929688,
    0.873778760433197,
    0.865276575088501,
    0.8561191558837891,
    0.8462135195732117,
    0.8354520201683044,
    0.8237104415893555,
    0.8108451962471008,
    0.7966902852058411,
    0.781054675579071,
    0.76371830701828,
    0.7444300651550293,
    0.722904622554779,
    0.6988226771354675,
    0.671833336353302,
    0.6415632367134094,
    0.6076328158378601,
    0.5696858763694763,
    0.5274368524551392,
    0.4807415008544922,
    0.42969727516174316,
    0.3747735321521759,
    0.3169685900211334,
    0.25797799229621887,
    0.20032866299152374,
    0.14738745987415314,
    0.10311036556959152,
    0.07135328650474548,
    0.054547786712646484,
    0.05192813277244568,
    0.05877165123820305,
    0.06844484806060791,
    0.0757162868976593,
    0.07810690253973007,
    0.07526902854442596,
    0.06802939623594284,
    0.05778553709387779,
    0.04616684094071388,
    0.034784507006406784,
    0.02500986121594906,
    0.017782066017389297,
    0.013468525372445583,
    0.011838437058031559,
    0.012204508297145367,
    0.013704170472919941,
    0.01557959895581007,
    0.017309265211224556,
    0.018587134778499603,
    0.019249822944402695,
    0.019230106845498085,
    0.018549075350165367,
    0.017320720478892326,
    0.01574108935892582
  ]
}