{
  "dataset": "syn-season_only-0.1",
  "model": "lstm",
  "mse": 0.10867136535745281,
  "params": {
    "dropout": 0.0,
    "epochs": 100,
    "hidden_size": 64,
    "lr": 0.001,
    "num_layers": 1
  },
  "tr_losses": [
    0.9952059388160706,
    0.990293025970459,
    0.9854405522346497,
    0.9806252121925354,
    0.975822925567627,
    0.9710091352462769,
    0.9661598801612854,
    0.9612506031990051,
    0.9562544822692871,
    0.9511438608169556,
    0.9458882808685303,
    0.9404548406600952,
    0.9348077178001404,
    0.9289073944091797,
    0.9227107167243958,
    0.9161700010299683,
    0.9092334508895874,
    0.9018431901931763,
    0.8939350247383118,
    0.8854362964630127,
    0.8762651085853577,
    0.866327166557312,
    0.8555143475532532,
    0.8437020182609558,
    0.8307461738586426,
    0.8164799213409424,
    0.8007107973098755,
    0.7832169532775879,
    0.7637444734573364,
    0.7420046925544739,
    0.7176751494407654,
    0.6904014945030212,
    0.6598067283630371,
    0.6255070567131042,
    0.5871413350105286,
    0.5444182753562927,
    0.4971885681152344,
    0.44554615020751953,
    0.38996362686157227,
    0.3314562737941742,
    0.2717590630054474,
    0.21346738934516907,
    0.16004815697669983,
    0.11558421701192856,
    0.084053173661232,
    0.06792693585157394,
    0.06629601120948792,
    0.07409894466400146,
    0.08434965461492538,
    0.09165166318416595,
    0.09358679503202438,
    0.09001622349023819,
    0.08201715350151062,
    0.07119254022836685,
    0.05928525701165199,
    0.047920212149620056,
    0.03840336203575134,
    0.031565502285957336,
    0.027663206681609154,
    0.02638375759124756,
    0.02699902467429638,
    0.02863941714167595,
    0.030558139085769653,
    0.03225269168615341,
    0.03344183415174484,
    0.0339912474155426,
    0.03386224806308746,
    0.03309749811887741,
    0.031821511685848236
  ],
  "val_losses": [
    0.9742040634155273,
    0.9694399833679199,
    0.9647296071052551,
    0.9600246548652649,
    0.9552897810935974,
    0.9504985809326172,
    0.9456250071525574,
    0.9406452178955078,
    0.9355375170707703,
    0.9302771687507629,
    0.9248361587524414,
    0.9191816449165344,
    0.9132776260375977,
    0.9070839881896973,
    0.9005563855171204,
    0.8936454653739929,
    0.8862960934638977,
    0.8784470558166504,
    0.8700284957885742,
    0.8609603047370911,
    0.8511507511138916,
    0.8404936194419861,
    0.828866183757782,
    0.8161267638206482,
    0.8021116852760315,
    0.7866325378417969,
    0.769472599029541,
    0.7503841519355774,
    0.7290863990783691,
    0.70526522397995,
    0.678575336933136,
    0.6486504673957825,
    0.6151182055473328,
    0.5776298642158508,
    0.5359064340591431,
    0.4898080825805664,
    0.43943262100219727,
    0.38524389266967773,
    0.32822665572166443,
    0.27005377411842346,
    0.2132205367088318,
    0.16105598211288452,
    0.11747954040765762,
    0.08631771057844162,
    0.069977767765522,
    0.06766807287931442,
    0.07464881986379623,
    0.08431188017129898,
    0.09149035811424255,
    0.09377297013998032,
    0.09086643904447556,
    0.08363702148199081,
    0.0735030397772789,
    0.06209222599864006,
    0.050991058349609375,
    0.04152980446815491,
    0.034602757543325424,
    0.0305430069565773,
    0.02910504676401615,
    0.029606381431221962,
    0.03119870461523533,
    0.033135589212179184,
    0.03490123897790909,
    0.03619499132037163,
    0.036862533539533615,
    0.03684777021408081,
    0.036180198192596436,
    0.03497568145394325,
    0.03342515602707863
  ]
}