{
  "dataset": "syn-season_only-0.2",
  "model": "mlp",
  "mse": 0.16159627952562783,
  "params": {
    "epochs": 200,
    "hidden": [
      64,
      64
    ],
    "lr": 0.001
  },
  "tr_losses": [
    0.9079430103302002,
    0.8630807399749756,
    0.8199539184570312,
    0.7782982587814331,
    0.7378780841827393,
    0.6985650062561035,
    0.6601266860961914,
    0.6224601864814758,
    0.5855250358581543,
    0.5492172241210938,
    0.5135355591773987,
    0.4785071909427643,
    0.44419756531715393,
    0.41067513823509216,
    0.3780491054058075,
    0.3464777171611786,
    0.31604501605033875,
    0.28685107827186584,
    0.2590331733226776,
    0.2327958345413208,
    0.20831403136253357,
    0.18578819930553436,
    0.16543400287628174,
    0.14740876853466034,
    0.1318456381559372,
    0.11884871125221252,
    0.10845046490430832,
    0.10064655542373657,
    0.09529691934585571,
    0.09218712151050568,
    0.09105060249567032,
    0.09150855243206024,
    0.09309689700603485,
    0.09531839191913605,
    0.09764734655618668,
    0.0996318906545639,
    0.10095817595720291,
    0.10144273191690445,
    0.10105954855680466,
    0.09989923238754272
  ],
  "val_losses": [
    0.8690640926361084,
    0.8262521624565125,
    0.784931480884552,
    0.744699239730835,
    0.7054190039634705,
    0.6668890118598938,
    0.6291385293006897,
    0.5921370387077332,
    0.5558298230171204,
    0.5202468037605286,
    0.48543429374694824,
    0.4513201415538788,
    0.4179936647415161,
    0.38546761870384216,
    0.35402873158454895,
    0.32369017601013184,
    0.2946051359176636,
    0.2668462097644806,
    0.2406543493270874,
    0.21623802185058594,
    0.19381247460842133,
    0.17366021871566772,
    0.15597935020923615,
    0.14083363115787506,
    0.12826575338840485,
    0.11836922913789749,
    0.11122119426727295,
    0.10667842626571655,
    0.10454804450273514,
    0.10452592372894287,
    0.10619661957025528,
    0.10904726386070251,
    0.11249241977930069,
    0.11594138294458389,
    0.11887631565332413,
    0.12098141759634018,
    0.122049480676651,
    0.1220453754067421,
    0.12107530981302261,
    0.11933489888906479
  ]
}