{
  "dataset": "syn-season_only-0.0",
  "model": "kan",
  "mse": 0.08248569321503038,
  "params": {
    "epochs": 100,
    "grid": 10,
    "hidden": [
      5,
      5
    ],
    "k": 3,
    "lamb_entropy": 0.01,
    "lamb_l1": 0.0001,
    "lr": 0.01,
    "opt": "Adam"
  },
  "tr_losses": [
    0.9875275338787344,
    0.9751894258491836,
    0.9661826073472286,
    0.9489128544494122,
    0.9339802093818101,
    0.9146312080166071,
    0.8971363934968223,
    0.8720465224094981,
    0.8337643542448101,
    0.8119414043598796,
    0.7845644425608638,
    0.7553394667576261,
    0.7254898529387604,
    0.7066097425711033,
    0.6770998912292249,
    0.6577360446433592,
    0.6474786154934878,
    0.6107975161080639,
    0.5736780979340493,
    0.512197189548625,
    0.526004024605855,
    0.4953567025827637,
    0.4582752038008695,
    0.4209929394108839,
    0.39572156839400147,
    0.3886763581734295,
    0.34988138971828864,
    0.3232523864511358,
    0.3238730499232886,
    0.2703460727411221,
    0.26926804221465517,
    0.2562499091960141,
    0.23885542004915725,
    0.20841415086597098,
    0.20044308328590063,
    0.15787571213656149,
    0.1563893249735574,
    0.1430115228765576,
    0.14516206809099472,
    0.12407548210930311,
    0.11836491489102567,
    0.12125822448709342,
    0.10618115852747378,
    0.10502057538318185,
    0.10607505109719045,
    0.09989609799238107,
    0.09203753032194041,
    0.12327719528538918,
    0.08697113112984449,
    0.08568752536694672,
    0.08421165285635554,
    0.0949932858498233,
    0.08687317949886518,
    0.09487915773943577,
    0.0820939099724874,
    0.08185445416415973,
    0.07322103426967762,
    0.07513260995100605,
    0.07338373626679685,
    0.0708117792443356,
    0.07948985104268154,
    0.06505310038880563,
    0.07506675114314738,
    0.05578955786338174,
    0.059069189650815555,
    0.04852805736345636,
    0.07186338533499816,
    0.06393647070131363,
    0.05731852785108352,
    0.05731743691027954,
    0.03883175898065626,
    0.050717689941168674,
    0.056940176877766445,
    0.04631966072137498,
    0.05029726098807672,
    0.048901534307813826,
    0.05399637815850523,
    0.04130109523670008,
    0.04087449301133139,
    0.03728191537737759,
    0.0371230788227491,
    0.04012004616661451,
    0.03353081196759138,
    0.026987234247971364,
    0.023891915344195182,
    0.033622079367247475,
    0.022351802729493858,
    0.030966363531720293,
    0.016891042232568838,
    0.028609527901595936,
    0.025648047542320643,
    0.03420445604485656,
    0.02404476168066825,
    0.02222230697231258,
    0.019938477346408027,
    0.028811063527552656,
    0.019829680881142082,
    0.03695878239819885,
    0.021358943378157642
  ],
  "val_losses": [
    0.9655407017577883,
    0.9534724226331804,
    0.945405252864965,
    0.928214219949239,
    0.9130030422385911,
    0.8940330704339018,
    0.8766617355541086,
    0.852525356891387,
    0.8143001687648491,
    0.792966818628134,
    0.7667091241626948,
    0.7369355273031607,
    0.7078655200255143,
    0.6894964622065313,
    0.6618538795904573,
    0.6415411774558651,
    0.6334604944648876,
    0.5945407918458553,
    0.5599211334395912,
    0.4986267835808968,
    0.5153451743638212,
    0.48389718314302427,
    0.4485741897129718,
    0.411693570925229,
    0.38198871080797375,
    0.3799609687848313,
    0.3407845573807677,
    0.3146312366938323,
    0.31522537018966007,
    0.26336682284539187,
    0.2641683177819937,
    0.24845357667274717,
    0.23531967194087414,
    0.20293321686724397,
    0.19831202229515554,
    0.15589394117270888,
    0.15684285419248506,
    0.14275727669387964,
    0.1493219734725507,
    0.12426369092534961,
    0.11789120798200547,
    0.12051720870142058,
    0.10774224716198987,
    0.1055329214105814,
    0.10805873176160248,
    0.10006258885818298,
    0.09503201919116595,
    0.12300465106302795,
    0.08906308922114525,
    0.08825074422976735,
    0.08588099328046994,
    0.09698744659498448,
    0.08908154976095926,
    0.09646567373618431,
    0.08394926976953931,
    0.08357087977504639,
    0.0750635495419141,
    0.07681372128180362,
    0.07560433968282536,
    0.07305112366830761,
    0.0815037193729253,
    0.06661695098041921,
    0.07575178451529872,
    0.05703762583359743,
    0.059092754499915245,
    0.04921180864978736,
    0.0704750176533982,
    0.06380904270253367,
    0.057680836569724614,
    0.05779625059215058,
    0.039491399183289956,
    0.052041406557982346,
    0.058057269194750384,
    0.04726260896293568,
    0.050503086264387986,
    0.04945958921643462,
    0.05434909647805416,
    0.04077338176770935,
    0.04072420221235769,
    0.03820926908886294,
    0.037661071525328514,
    0.04019479481605139,
    0.03390484656681477,
    0.027452573436180034,
    0.02475672751177745,
    0.03355429442381908,
    0.02261799786765779,
    0.031898829164511276,
    0.017199685035488767,
    0.028603699753696313,
    0.026368161026740135,
    0.03477670013053446,
    0.024765638951308816,
    0.022519321991230055,
    0.019839772222752492,
    0.028876300644740432,
    0.02032801800564117,
    0.0375363776267101,
    0.022026898016861484
  ]
}