{
  "dataset": "syn-season_only-0.1",
  "model": "lstm",
  "mse": 0.10359012863695269,
  "params": {
    "dropout": 0.1,
    "epochs": 100,
    "hidden_size": 32,
    "lr": 0.001,
    "num_layers": 1
  },
  "tr_losses": [
    1.0088350772857666,
    1.0048823356628418,
    1.0009831190109253,
    0.9971275925636292,
    0.9933081865310669,
    0.9895176887512207,
    0.9857500195503235,
    0.9819979071617126,
    0.9782537817955017,
    0.974509060382843,
    0.9707543253898621,
    0.9669798016548157,
    0.9631747007369995,
    0.9593279957771301,
    0.955428421497345,
    0.9514644145965576,
    0.9474238753318787,
    0.9432950615882874,
    0.9390650391578674,
    0.934720516204834,
    0.9302478432655334,
    0.9256324768066406,
    0.920859158039093,
    0.9159117341041565,
    0.9107735753059387,
    0.9054268598556519,
    0.8998528122901917,
    0.8940313458442688,
    0.887941300868988,
    0.881559431552887,
    0.8748610615730286,
    0.8678188920021057,
    0.8604031801223755,
    0.8525811433792114,
    0.8443165421485901,
    0.8355699181556702,
    0.8262977004051208,
    0.8164523243904114,
    0.8059813380241394,
    0.7948274612426758,
    0.7829276919364929,
    0.7702128887176514,
    0.7566074728965759,
    0.7420295476913452,
    0.7263907194137573,
    0.7095963358879089,
    0.6915473341941833,
    0.6721411347389221,
    0.6512746810913086,
    0.6288480162620544,
    0.6047692894935608,
    0.5789610147476196,
    0.5513685941696167,
    0.5219697952270508,
    0.4907867908477783,
    0.4578990340232849,
    0.42345699667930603,
    0.3876953125,
    0.3509443402290344,
    0.31363645195961,
    0.2763058841228485,
    0.239578515291214,
    0.20415014028549194,
    0.17075161635875702,
    0.14010290801525116,
    0.1128586083650589,
    0.08955016732215881,
    0.07053105533123016,
    0.05593083053827286,
    0.04562552645802498,
    0.039232201874256134,
    0.03613808751106262,
    0.0355704165995121,
    0.03669735789299011,
    0.03873279690742493,
    0.04101406782865524,
    0.04303872585296631,
    0.04446759447455406,
    0.045110493898391724,
    0.04490669444203377,
    0.04390336945652962,
    0.04223044589161873
  ],
  "val_losses": [
    0.9857725501060486,
    0.9820396304130554,
    0.9783429503440857,
    0.9746770858764648,
    0.971036434173584,
    0.9674153327941895,
    0.963806688785553,
    0.960202693939209,
    0.9565948843955994,
    0.9529738426208496,
    0.9493299126625061,
    0.945652961730957,
    0.941932737827301,
    0.9381583333015442,
    0.9343183636665344,
    0.9304010272026062,
    0.9263936877250671,
    0.9222836494445801,
    0.9180571436882019,
    0.9137004017829895,
    0.9091985821723938,
    0.9045365452766418,
    0.8996980786323547,
    0.8946663737297058,
    0.8894235491752625,
    0.8839507102966309,
    0.8782278895378113,
    0.8722336888313293,
    0.8659458160400391,
    0.8593398928642273,
    0.8523901104927063,
    0.8450682759284973,
    0.8373433947563171,
    0.8291807174682617,
    0.8205423355102539,
    0.8113858699798584,
    0.8016650676727295,
    0.7913287281990051,
    0.780320942401886,
    0.768580436706543,
    0.7560402750968933,
    0.7426273226737976,
    0.7282624244689941,
    0.7128604054450989,
    0.696330726146698,
    0.6785780787467957,
    0.6595047116279602,
    0.6390123963356018,
    0.6170064806938171,
    0.5934004783630371,
    0.568122386932373,
    0.5411229729652405,
    0.5123851895332336,
    0.4819355905056,
    0.4498565196990967,
    0.4162997007369995,
    0.3814985454082489,
    0.34577831625938416,
    0.3095622956752777,
    0.2733703851699829,
    0.23780880868434906,
    0.20354802906513214,
    0.17128871381282806,
    0.14171694219112396,
    0.11545232683420181,
    0.0929936096072197,
    0.07466777414083481,
    0.060588374733924866,
    0.05062958598136902,
    0.04442282021045685,
    0.041384998708963394,
    0.04078371822834015,
    0.04183097556233406,
    0.043779660016298294,
    0.04599494859576225,
    0.04798787832260132,
    0.049418866634368896,
    0.05008688569068909,
    0.049914851784706116,
    0.04893329739570618,
    0.04725911095738411,
    0.04506863281130791
  ]
}