{
  "dataset": "syn-trend_season-0.05",
  "model": "kan",
  "mse": 595.5117997533682,
  "params": {
    "epochs": 100,
    "grid": 10,
    "hidden": [
      2,
      2
    ],
    "k": 3,
    "lamb_entropy": 0.0,
    "lamb_l1": 0.0,
    "lr": 0.01,
    "opt": "Adam"
  },
  "tr_losses": [
    0.757448433305866,
    0.7795015601484789,
    0.7767518850135049,
    0.7554280276148525,
    0.7320483140102507,
    0.713231624666811,
    0.7194955697091027
  ],
  "val_losses": [
    1.4877868860244352,
    1.4753428074306096,
    1.4440997125221493,
    1.4669879043721776,
    1.4414397238289418,
    1.4585690225913002,
    1.5047693271090292
  ]
}