{
  "dataset": "syn-trend_only-0.05",
  "model": "mlp",
  "mse": 1141.877355448326,
  "params": {
    "epochs": 100,
    "hidden": [
      64,
      64
    ],
    "lr": 0.0001
  },
  "tr_losses": [
    0.8052861094474792,
    0.7994816303253174,
    0.7937017679214478,
    0.7879435420036316,
    0.782210648059845,
    0.7765069603919983,
    0.7708327770233154,
    0.7651872634887695,
    0.7595705389976501,
    0.7539893388748169,
    0.7484679222106934,
    0.7430148720741272,
    0.7376192808151245,
    0.7322841286659241,
    0.7269971370697021,
    0.7217468023300171,
    0.7165327072143555,
    0.7113558053970337,
    0.7062109112739563,
    0.7010992169380188,
    0.6960528492927551,
    0.6911020278930664,
    0.6862348914146423,
    0.6814265847206116,
    0.6766588687896729,
    0.6719306111335754,
    0.6672378182411194,
    0.6625786423683167,
    0.6579559445381165,
    0.6533724665641785,
    0.6488521099090576,
    0.6444147229194641,
    0.6400356888771057,
    0.6356880068778992,
    0.6313551664352417,
    0.6270392537117004,
    0.6227462887763977,
    0.6184741854667664,
    0.6142218708992004,
    0.6099902391433716,
    0.6057764291763306,
    0.6015802621841431,
    0.5974022150039673,
    0.5932420492172241,
    0.5891028642654419,
    0.5849921703338623,
    0.5809409618377686,
    0.5769723653793335,
    0.5730176568031311,
    0.5690723657608032,
    0.5651378035545349,
    0.5612121820449829,
    0.5572962760925293,
    0.5533902049064636,
    0.5494930148124695,
    0.5456047654151917,
    0.5417253971099854,
    0.5378565788269043,
    0.5340032577514648,
    0.5301669836044312,
    0.526343584060669,
    0.5225321650505066,
    0.5187315940856934,
    0.5149412751197815,
    0.5111612677574158,
    0.5073906779289246,
    0.503629207611084,
    0.49987584352493286,
    0.4961305260658264,
    0.49239328503608704,
    0.48866236209869385,
    0.48493826389312744,
    0.48122256994247437,
    0.4775121212005615,
    0.4738072156906128,
    0.4701076149940491,
    0.46641382575035095,
    0.4627246558666229,
    0.45904019474983215,
    0.45536038279533386,
    0.4516907036304474,
    0.4480430781841278,
    0.4444173574447632,
    0.4408062696456909,
    0.43720942735671997,
    0.4336220920085907,
    0.43004554510116577,
    0.4264778792858124,
    0.4229182302951813,
    0.41936400532722473,
    0.4158170521259308,
    0.41227564215660095,
    0.4087410271167755,
    0.4052121043205261,
    0.40168944001197815,
    0.3981735110282898,
    0.3946625590324402,
    0.39115646481513977,
    0.3876546323299408,
    0.3841571509838104
  ],
  "val_losses": [
    1.1187001466751099,
    1.1117619276046753,
    1.1048294305801392,
    1.0979080200195312,
    1.0910011529922485,
    1.0841044187545776,
    1.0772143602371216,
    1.0704654455184937,
    1.064020037651062,
    1.0576189756393433,
    1.0512127876281738,
    1.044798731803894,
    1.038374900817871,
    1.0319386720657349,
    1.0254887342453003,
    1.0190234184265137,
    1.012541651725769,
    1.006041407585144,
    0.9995255470275879,
    0.9929912686347961,
    0.9864382743835449,
    0.9798669815063477,
    0.9732792973518372,
    0.9666717052459717,
    0.9600486159324646,
    0.9534168243408203,
    0.9467721581459045,
    0.9401208758354187,
    0.9334604740142822,
    0.9267904162406921,
    0.9201051592826843,
    0.9134131073951721,
    0.9067137837409973,
    0.9000082612037659,
    0.8932971954345703,
    0.8865811824798584,
    0.8798601627349854,
    0.8731328845024109,
    0.86639803647995,
    0.8596546649932861,
    0.8529026508331299,
    0.846142590045929,
    0.8393762707710266,
    0.8326050639152527,
    0.8258278965950012,
    0.8190438747406006,
    0.8122543692588806,
    0.8054630160331726,
    0.7986478805541992,
    0.7918226718902588,
    0.7849938273429871,
    0.7781614661216736,
    0.7713263034820557,
    0.76447993516922,
    0.7576276659965515,
    0.7507727742195129,
    0.7439160346984863,
    0.7370569109916687,
    0.7301960587501526,
    0.7233257293701172,
    0.7164473533630371,
    0.7095633149147034,
    0.7026802897453308,
    0.6957990527153015,
    0.6889192461967468,
    0.6820341944694519,
    0.6751422882080078,
    0.6682543754577637,
    0.6613706350326538,
    0.6544811129570007,
    0.6475967168807983,
    0.640713095664978,
    0.6338323950767517,
    0.6269600987434387,
    0.6200875639915466,
    0.6132213473320007,
    0.6063669323921204,
    0.5995182394981384,
    0.5926721692085266,
    0.5858399868011475,
    0.5790156126022339,
    0.5721969604492188,
    0.5653852820396423,
    0.5585888028144836,
    0.5518078207969666,
    0.5450356006622314,
    0.5382733345031738,
    0.5315232276916504,
    0.524787425994873,
    0.5180791616439819,
    0.51141756772995,
    0.5048132538795471,
    0.49824103713035583,
    0.4916873276233673,
    0.4851498603820801,
    0.47863444685935974,
    0.4721364974975586,
    0.4656604826450348,
    0.4592094123363495,
    0.4527834951877594
  ]
}