{
  "dataset": "syn-trend_only-0.1",
  "model": "mlp",
  "mse": 898.0892091341348,
  "params": {
    "epochs": 100,
    "hidden": [
      64,
      64
    ],
    "lr": 0.0001
  },
  "tr_losses": [
    0.9353168606758118,
    0.9296196103096008,
    0.9239460229873657,
    0.9182987809181213,
    0.912683367729187,
    0.9070990681648254,
    0.9015434384346008,
    0.8960160613059998,
    0.89051753282547,
    0.8850533962249756,
    0.8796369433403015,
    0.8742788434028625,
    0.869002103805542,
    0.8638030886650085,
    0.8586364388465881,
    0.8534937500953674,
    0.8483730554580688,
    0.8432775735855103,
    0.838213324546814,
    0.8331777453422546,
    0.8281694054603577,
    0.8231896162033081,
    0.8182821869850159,
    0.8134865760803223,
    0.8087475299835205,
    0.804040253162384,
    0.7993587851524353,
    0.7947087287902832,
    0.7900841236114502,
    0.7854830026626587,
    0.7809040546417236,
    0.7763510346412659,
    0.7718233466148376,
    0.7673298716545105,
    0.7628704905509949,
    0.7584688067436218,
    0.7541177272796631,
    0.7498030662536621,
    0.7455235719680786,
    0.7412737011909485,
    0.7370471954345703,
    0.7328418493270874,
    0.7286561131477356,
    0.724487841129303,
    0.7203331589698792,
    0.716192901134491,
    0.7120622396469116,
    0.7079410552978516,
    0.7038289904594421,
    0.6997265219688416,
    0.6956308484077454,
    0.6915419697761536,
    0.6874584555625916,
    0.6833805441856384,
    0.679307222366333,
    0.6752373576164246,
    0.6711710691452026,
    0.6671085357666016,
    0.6630469560623169,
    0.6589863300323486,
    0.6549258828163147,
    0.65086430311203,
    0.6468040943145752,
    0.6427443623542786,
    0.6386874318122864,
    0.6346322298049927,
    0.6305795311927795,
    0.6265330910682678,
    0.6224969625473022,
    0.6184716820716858,
    0.6144586801528931,
    0.6104649901390076,
    0.6065101027488708,
    0.6026135087013245,
    0.5987493991851807,
    0.5948888063430786,
    0.5910255312919617,
    0.587158739566803,
    0.5832915306091309,
    0.5794166922569275,
    0.5755404233932495,
    0.5716646909713745,
    0.5677869915962219,
    0.5639051198959351,
    0.5600212812423706,
    0.5561341047286987,
    0.552245020866394,
    0.5483554601669312,
    0.5444656014442444,
    0.5405784249305725,
    0.5366917252540588,
    0.5328051447868347,
    0.5289158225059509,
    0.5250236988067627,
    0.5211319923400879,
    0.5172426104545593,
    0.5133545994758606,
    0.5094679594039917,
    0.5055825710296631,
    0.5016980171203613
  ],
  "val_losses": [
    1.280289888381958,
    1.2754813432693481,
    1.270668864250183,
    1.2658387422561646,
    1.260992169380188,
    1.2561458349227905,
    1.2513097524642944,
    1.246483325958252,
    1.2416725158691406,
    1.2368775606155396,
    1.2321041822433472,
    1.2273552417755127,
    1.2226269245147705,
    1.2179208993911743,
    1.2132351398468018,
    1.2085691690444946,
    1.2039188146591187,
    1.1992820501327515,
    1.1946550607681274,
    1.1900380849838257,
    1.1854321956634521,
    1.1808360815048218,
    1.1762471199035645,
    1.1716634035110474,
    1.1670702695846558,
    1.1624641418457031,
    1.157835841178894,
    1.1531888246536255,
    1.148518443107605,
    1.1438169479370117,
    1.1390767097473145,
    1.1342865228652954,
    1.1294540166854858,
    1.1246081590652466,
    1.1197588443756104,
    1.1149097681045532,
    1.1100600957870483,
    1.1052085161209106,
    1.1003559827804565,
    1.095502257347107,
    1.090649127960205,
    1.0858045816421509,
    1.080980896949768,
    1.076189637184143,
    1.071423888206482,
    1.066537618637085,
    1.0616365671157837,
    1.0567349195480347,
    1.0518516302108765,
    1.0469945669174194,
    1.0421525239944458,
    1.0373233556747437,
    1.0325006246566772,
    1.0274443626403809,
    1.022300124168396,
    1.0171068906784058,
    1.0118907690048218,
    1.0066415071487427,
    1.0013623237609863,
    0.9960460662841797,
    0.9907003045082092,
    0.9853246212005615,
    0.9799183011054993,
    0.9744802117347717,
    0.9690132141113281,
    0.9635207653045654,
    0.958004891872406,
    0.952470064163208,
    0.9469180703163147,
    0.9413502812385559,
    0.9357686042785645,
    0.9301738739013672,
    0.9245675206184387,
    0.9189497828483582,
    0.9133220314979553,
    0.9076859951019287,
    0.9020426869392395,
    0.8963931202888489,
    0.8907372951507568,
    0.8850762248039246,
    0.879411518573761,
    0.8737446665763855,
    0.8680751919746399,
    0.862410843372345,
    0.8567892909049988,
    0.8512386679649353,
    0.8457373976707458,
    0.8402765393257141,
    0.8348825573921204,
    0.8295350074768066,
    0.8242270350456238,
    0.8189554810523987,
    0.813718855381012,
    0.8085045218467712,
    0.8033018112182617,
    0.7981178164482117,
    0.7929458618164062,
    0.7877864837646484,
    0.7826362252235413,
    0.7774937748908997
  ]
}