{
  "dataset": "syn-trend_only-0.05",
  "model": "mlp",
  "mse": 896.9135055627846,
  "params": {
    "epochs": 100,
    "hidden": [
      64,
      64
    ],
    "lr": 0.0001
  },
  "tr_losses": [
    0.9353819489479065,
    0.9296834468841553,
    0.9240089058876038,
    0.9183589816093445,
    0.9127428531646729,
    0.9071580767631531,
    0.9016023278236389,
    0.8960757851600647,
    0.8905767202377319,
    0.8851117491722107,
    0.879692018032074,
    0.8743299841880798,
    0.8690553903579712,
    0.8638578057289124,
    0.8586912155151367,
    0.853547990322113,
    0.8484266996383667,
    0.8433305025100708,
    0.8382652401924133,
    0.8332280516624451,
    0.8282192945480347,
    0.8232355117797852,
    0.8183172345161438,
    0.8135301470756531,
    0.8087907433509827,
    0.8040819764137268,
    0.7994000911712646,
    0.7947489619255066,
    0.7901231050491333,
    0.7855216264724731,
    0.7809422016143799,
    0.7763869166374207,
    0.7718594670295715,
    0.767365038394928,
    0.762901782989502,
    0.7585005164146423,
    0.754149317741394,
    0.7498341202735901,
    0.7455539107322693,
    0.7413027286529541,
    0.737076461315155,
    0.732871949672699,
    0.7286864519119263,
    0.7245181202888489,
    0.7203640341758728,
    0.7162225246429443,
    0.712091863155365,
    0.707970917224884,
    0.7038594484329224,
    0.6997557878494263,
    0.6956592798233032,
    0.6915696859359741,
    0.6874859929084778,
    0.6834075450897217,
    0.6793385148048401,
    0.6752704381942749,
    0.671205997467041,
    0.6671452522277832,
    0.6630889177322388,
    0.659033477306366,
    0.65497887134552,
    0.6509245038032532,
    0.6468708515167236,
    0.6428191065788269,
    0.6387701630592346,
    0.6347223520278931,
    0.6306758522987366,
    0.6266340613365173,
    0.6226044297218323,
    0.6185844540596008,
    0.6145761013031006,
    0.6105862259864807,
    0.6066350936889648,
    0.6027432084083557,
    0.5988902449607849,
    0.5950350165367126,
    0.5911750197410583,
    0.5873119831085205,
    0.5834463834762573,
    0.579576313495636,
    0.5757035613059998,
    0.571828305721283,
    0.5679501295089722,
    0.5640702247619629,
    0.5601884126663208,
    0.5563021302223206,
    0.5524138808250427,
    0.5485235452651978,
    0.5446344614028931,
    0.5407470464706421,
    0.5368596911430359,
    0.5329729914665222,
    0.5290862917900085,
    0.5251977443695068,
    0.5213091969490051,
    0.5174196362495422,
    0.5135300755500793,
    0.5096419453620911,
    0.5057540535926819,
    0.501867413520813
  ],
  "val_losses": [
    1.279334306716919,
    1.2745310068130493,
    1.2697174549102783,
    1.2648875713348389,
    1.2600492238998413,
    1.2552083730697632,
    1.2503728866577148,
    1.2455518245697021,
    1.2407455444335938,
    1.23595130443573,
    1.2311782836914062,
    1.226425051689148,
    1.2216923236846924,
    1.2169857025146484,
    1.2122985124588013,
    1.2076338529586792,
    1.2029870748519897,
    1.1983543634414673,
    1.193735957145691,
    1.1891283988952637,
    1.184531569480896,
    1.1799370050430298,
    1.175347924232483,
    1.1707638502120972,
    1.1661790609359741,
    1.1615785360336304,
    1.1569535732269287,
    1.152305245399475,
    1.1476287841796875,
    1.1429201364517212,
    1.138176441192627,
    1.1333808898925781,
    1.1285480260849,
    1.1237012147903442,
    1.1188538074493408,
    1.114005208015442,
    1.1091560125350952,
    1.1043062210083008,
    1.0994549989700317,
    1.0946028232574463,
    1.0897494554519653,
    1.0848952531814575,
    1.080043911933899,
    1.0751944780349731,
    1.0703479051589966,
    1.0655055046081543,
    1.0606979131698608,
    1.055931568145752,
    1.0510705709457397,
    1.0461969375610352,
    1.0413261651992798,
    1.036474585533142,
    1.0316413640975952,
    1.0268185138702393,
    1.0220001935958862,
    1.0171805620193481,
    1.0121124982833862,
    1.006965160369873,
    1.0017608404159546,
    0.996532678604126,
    0.9912630915641785,
    0.9859509468078613,
    0.9805908203125,
    0.9751928448677063,
    0.9697687029838562,
    0.9643194079399109,
    0.9588465094566345,
    0.9533489346504211,
    0.9478285908699036,
    0.9422879219055176,
    0.9367291331291199,
    0.931154727935791,
    0.9255666732788086,
    0.9199657440185547,
    0.9143526554107666,
    0.9087286591529846,
    0.9030945897102356,
    0.8974512219429016,
    0.891800582408905,
    0.886142909526825,
    0.8804795145988464,
    0.8748109936714172,
    0.8691384196281433,
    0.8634696006774902,
    0.8578577041625977,
    0.8523134589195251,
    0.8468155860900879,
    0.8413689136505127,
    0.8359807133674622,
    0.8306324481964111,
    0.8253166079521179,
    0.820033609867096,
    0.8147788047790527,
    0.8095453381538391,
    0.8043281435966492,
    0.7991264462471008,
    0.7939386367797852,
    0.788762092590332,
    0.7835958003997803,
    0.7784392833709717
  ]
}