{
  "dataset": "syn-trend_season-0.1",
  "model": "mlp",
  "mse": 1144.1123522059,
  "params": {
    "epochs": 100,
    "hidden": [
      64,
      64
    ],
    "lr": 0.0001
  },
  "tr_losses": [
    0.8060285449028015,
    0.800249457359314,
    0.7944895029067993,
    0.7887550592422485,
    0.7830538153648376,
    0.777383029460907,
    0.7717405557632446,
    0.7661281228065491,
    0.7605513334274292,
    0.7550187110900879,
    0.7495322227478027,
    0.7440962195396423,
    0.7387125492095947,
    0.7333797216415405,
    0.7280960083007812,
    0.7228596210479736,
    0.7176679968833923,
    0.7125144004821777,
    0.7073957324028015,
    0.7023203372955322,
    0.6973322629928589,
    0.6924332976341248,
    0.6876022815704346,
    0.6828248500823975,
    0.6780990362167358,
    0.673422634601593,
    0.6687926650047302,
    0.6641989946365356,
    0.6596377491950989,
    0.6551055312156677,
    0.6506044864654541,
    0.6461349129676819,
    0.6416992545127869,
    0.6372970342636108,
    0.6329227089881897,
    0.6285775303840637,
    0.6242618560791016,
    0.6199696660041809,
    0.6156975030899048,
    0.6114470362663269,
    0.6072213649749756,
    0.603019654750824,
    0.5988459587097168,
    0.594706654548645,
    0.5906057953834534,
    0.5865291953086853,
    0.5824804902076721,
    0.578450620174408,
    0.5744415521621704,
    0.5704545974731445,
    0.566487193107605,
    0.5625412464141846,
    0.5586183071136475,
    0.5547106862068176,
    0.5508145093917847,
    0.5469292998313904,
    0.5430598855018616,
    0.5392009615898132,
    0.5353537797927856,
    0.5315210223197937,
    0.5276963114738464,
    0.5238841772079468,
    0.5200821757316589,
    0.5162885189056396,
    0.5125080347061157,
    0.5087379813194275,
    0.5049762725830078,
    0.5012218952178955,
    0.49747613072395325,
    0.49373868107795715,
    0.4900090992450714,
    0.4862882196903229,
    0.482574999332428,
    0.478865385055542,
    0.4751608669757843,
    0.47146323323249817,
    0.4677729308605194,
    0.4640929698944092,
    0.4604240655899048,
    0.4567643702030182,
    0.45311564207077026,
    0.44947874546051025,
    0.44585689902305603,
    0.44224706292152405,
    0.43864738941192627,
    0.4350564479827881,
    0.4314798414707184,
    0.4279106855392456,
    0.42435166239738464,
    0.420800119638443,
    0.4172540605068207,
    0.4137132167816162,
    0.41017699241638184,
    0.40664413571357727,
    0.40311774611473083,
    0.39959990978240967,
    0.3960859775543213,
    0.39257508516311646,
    0.38906705379486084,
    0.3855622708797455
  ],
  "val_losses": [
    1.1149340867996216,
    1.108081340789795,
    1.101240873336792,
    1.0944145917892456,
    1.0876415967941284,
    1.0809425115585327,
    1.074313759803772,
    1.0677158832550049,
    1.0611335039138794,
    1.0545637607574463,
    1.0480377674102783,
    1.041517734527588,
    1.0350486040115356,
    1.0285999774932861,
    1.0221487283706665,
    1.0156809091567993,
    1.0091938972473145,
    1.0026839971542358,
    0.9961606860160828,
    0.9896222949028015,
    0.983070433139801,
    0.9765059351921082,
    0.9699304699897766,
    0.963344395160675,
    0.9567460417747498,
    0.9501371383666992,
    0.9435248374938965,
    0.9369071125984192,
    0.9302731156349182,
    0.9236276745796204,
    0.9169759750366211,
    0.9103105068206787,
    0.9036338329315186,
    0.8969504237174988,
    0.8902535438537598,
    0.883544921875,
    0.8768284320831299,
    0.8701063990592957,
    0.8633775115013123,
    0.8566363453865051,
    0.8498838543891907,
    0.8431198596954346,
    0.836348295211792,
    0.8295685648918152,
    0.8227794170379639,
    0.815983235836029,
    0.8091797828674316,
    0.8023688197135925,
    0.7955517768859863,
    0.7887284755706787,
    0.7818986773490906,
    0.7750614285469055,
    0.7682177424430847,
    0.7613672614097595,
    0.7545107007026672,
    0.7476504445075989,
    0.7407872080802917,
    0.7339215278625488,
    0.7270532250404358,
    0.7201821208000183,
    0.7133094668388367,
    0.7064332962036133,
    0.6995549201965332,
    0.692674458026886,
    0.6857914924621582,
    0.6789081692695618,
    0.6720265746116638,
    0.6651476621627808,
    0.6582706570625305,
    0.6513963341712952,
    0.6445248126983643,
    0.6376550793647766,
    0.6307898163795471,
    0.623930037021637,
    0.6170759797096252,
    0.6102283596992493,
    0.6033876538276672,
    0.5965547561645508,
    0.5897307395935059,
    0.5829156041145325,
    0.5761096477508545,
    0.5693120956420898,
    0.5625247359275818,
    0.5557511448860168,
    0.5489962100982666,
    0.5422619581222534,
    0.5355477333068848,
    0.5288527607917786,
    0.5221779942512512,
    0.5155228972434998,
    0.5088872909545898,
    0.5022721290588379,
    0.4956788122653961,
    0.4891081750392914,
    0.4825606346130371,
    0.47603628039360046,
    0.4695357382297516,
    0.463061660528183,
    0.45661449432373047,
    0.45019403100013733
  ]
}