{
  "dataset": "syn-season_only-0.05",
  "model": "kan",
  "mse": 0.08233517677379197,
  "params": {
    "epochs": 100,
    "grid": 10,
    "hidden": [
      5,
      5
    ],
    "k": 3,
    "lamb_entropy": 0.0,
    "lamb_l1": 0.0001,
    "lr": 0.01,
    "opt": "Adam"
  },
  "tr_losses": [
    0.674708118108845,
    0.30287345194624354,
    0.06312919813796979,
    0.00980010703047687,
    0.007230861039920195,
    0.009418433183769904,
    0.00810016231303316,
    0.009604294925087386,
    0.008136339701038145,
    0.008774741770624882
  ],
  "val_losses": [
    0.661190088965015,
    0.297508409572629,
    0.06079514220407158,
    0.013871162187525203,
    0.011435357142763154,
    0.011854944409099366,
    0.010091581808570638,
    0.013509952209925702,
    0.012077722015736437,
    0.011813372436857589
  ]
}