{
  "dataset": "syn-trend_season-0.1",
  "model": "kan",
  "mse": 580.9278251973681,
  "params": {
    "epochs": 100,
    "grid": 10,
    "hidden": [
      2,
      2
    ],
    "k": 3,
    "lamb_entropy": 0.0,
    "lamb_l1": 0.0,
    "lr": 0.001,
    "opt": "Adam"
  },
  "tr_losses": [
    0.7456588089306232,
    0.7265349272101298,
    0.7048978398700421,
    0.6860000735071741,
    0.6666978678516139,
    0.6486179513136667,
    0.6097455682372863,
    0.5877996442718799,
    0.5714465051055604,
    0.5517238329518207
  ],
  "val_losses": [
    1.4912372334119013,
    1.4830754799085362,
    1.46334266402722,
    1.4616471597584066,
    1.458619964889981,
    1.430802077870369,
    1.400481605325383,
    1.444784657314217,
    1.4465318069554123,
    1.3528704677728296
  ]
}