{
  "dataset": "syn-season_only-0.1",
  "model": "kan",
  "mse": 0.1010071100446891,
  "params": {
    "epochs": 100,
    "grid": 10,
    "hidden": [
      10
    ],
    "k": 3,
    "lamb_entropy": 0.0001,
    "lamb_l1": 0.0001,
    "lr": 0.01,
    "opt": "Adam"
  },
  "tr_losses": [
    0.28476209718167583,
    0.03339616214158407,
    0.019550281803560228,
    0.01688705908852408,
    0.01616040235139757,
    0.014374594269386991,
    0.012980491861240834,
    0.012231406426161402,
    0.010853012639451048,
    0.009975559895244655
  ],
  "val_losses": [
    0.28566481705577534,
    0.03997032259998561,
    0.0345074369936218,
    0.03091056142412685,
    0.03332517461427651,
    0.033419274422935664,
    0.03236587768997829,
    0.03305479422274871,
    0.031213801534584102,
    0.036150442218120304
  ]
}