{
  "dataset": "syn-season_only-0.1",
  "model": "kan",
  "mse": 0.12216765293467516,
  "params": {
    "epochs": 100,
    "grid": 10,
    "hidden": [
      10
    ],
    "k": 3,
    "lamb_entropy": 0.01,
    "lamb_l1": 0.01,
    "lr": 0.01,
    "opt": "Adam"
  },
  "tr_losses": [
    0.9241006893923865,
    0.8328558397443331,
    0.7443103540874653,
    0.6587526219237707,
    0.5734973768259061,
    0.4792524685746887,
    0.3804768177207093,
    0.3137746649445761,
    0.2463510513957971,
    0.19047533176588877,
    0.1407330665508968,
    0.10224823882192079,
    0.08311583324241154,
    0.10386476816156563,
    0.07035335094234263,
    0.08738105185403582,
    0.06831846448521692,
    0.0839279595792565,
    0.06405873782975527,
    0.08277955915134769
  ],
  "val_losses": [
    0.9051537480170655,
    0.8147522226950654,
    0.7281553128911664,
    0.6448238148619693,
    0.5615270072742433,
    0.47096077828693234,
    0.380527615576129,
    0.31314105298281186,
    0.254651410435832,
    0.1927216680836548,
    0.1529910944886994,
    0.13385593133655446,
    0.10015893758004185,
    0.138935458474714,
    0.08665498765445863,
    0.13494766938139427,
    0.08069689525699776,
    0.1352838852349987,
    0.07819599772054271,
    0.13862220619147914
  ]
}