{
  "dataset": "syn-season_only-0.1",
  "model": "mlp",
  "mse": 0.1067267560279419,
  "params": {
    "epochs": 200,
    "hidden": [
      128,
      128,
      128
    ],
    "lr": 0.001
  },
  "tr_losses": [
    0.9776370525360107,
    0.9075984954833984,
    0.8407207131385803,
    0.776290774345398,
    0.7136979103088379,
    0.6485938429832458,
    0.5796265602111816,
    0.5066404342651367,
    0.43147867918014526,
    0.3551580607891083,
    0.27907469868659973,
    0.20655860006809235,
    0.14200498163700104,
    0.09090860188007355,
    0.059000030159950256,
    0.04998963326215744,
    0.06242337077856064,
    0.08620462566614151,
    0.10610140115022659,
    0.11155305802822113,
    0.10167410969734192,
    0.08246206492185593,
    0.06137807294726372,
    0.04410431534051895,
    0.03390277549624443,
    0.031117189675569534,
    0.03377391770482063,
    0.03875988349318504,
    0.04318038374185562,
    0.04525233060121536,
    0.0445246696472168,
    0.041612353175878525,
    0.0374952033162117,
    0.033168643712997437,
    0.029586728662252426,
    0.027228571474552155,
    0.026202764362096786,
    0.02617030404508114,
    0.02655191160738468,
    0.026858747005462646,
    0.026771889999508858,
    0.026220250874757767,
    0.025314457714557648,
    0.02428206242620945,
    0.023346412926912308,
    0.02267201989889145,
    0.022337306290864944,
    0.022322608157992363,
    0.02252386510372162,
    0.022776322439312935,
    0.022913267835974693,
    0.022819101810455322,
    0.022482063621282578,
    0.021985286846756935,
    0.021467946469783783,
    0.02106078900396824,
    0.020845837891101837,
    0.02083626762032509,
    0.020972490310668945,
    0.02115531824529171,
    0.021282535046339035,
    0.0212858933955431,
    0.021153708919882774,
    0.02092709392309189,
    0.020678991451859474,
    0.02048075571656227,
    0.020377816632390022,
    0.020373128354549408,
    0.020432274788618088,
    0.020507201552391052,
    0.020551905035972595,
    0.020540917292237282,
    0.020475761964917183,
    0.020377377048134804,
    0.020275995135307312
  ],
  "val_losses": [
    0.8937460780143738,
    0.8276774287223816,
    0.7643105983734131,
    0.7023389935493469,
    0.6377947926521301,
    0.5693835616111755,
    0.49727776646614075,
    0.4232384264469147,
    0.3481540381908417,
    0.2733912765979767,
    0.20238636434078217,
    0.13954377174377441,
    0.09025901556015015,
    0.06027333438396454,
    0.053178656846284866,
    0.06743695586919785,
    0.09270546585321426,
    0.11345306038856506,
    0.11908809095621109,
    0.10900204628705978,
    0.08926740288734436,
    0.06732702255249023,
    0.04915508255362511,
    0.03824000433087349,
    0.03478077054023743,
    0.03691010922193527,
    0.041658151894807816,
    0.04612402617931366,
    0.048477720469236374,
    0.048258405178785324,
    0.04589852690696716,
    0.04230836033821106,
    0.03844395652413368,
    0.035205867141485214,
    0.03305181860923767,
    0.03211065009236336,
    0.032166533172130585,
    0.03264157846570015,
    0.03306872025132179,
    0.03317764028906822,
    0.03285618871450424,
    0.03225157782435417,
    0.031535014510154724,
    0.030908891931176186,
    0.03051934950053692,
    0.030426964163780212,
    0.030599936842918396,
    0.03095882572233677,
    0.03135410323739052,
    0.03161464259028435,
    0.031631384044885635,
    0.03137931227684021,
    0.03093816339969635,
    0.030430756509304047,
    0.029984140768647194,
    0.029695630073547363,
    0.029596740379929543,
    0.0296399537473917,
    0.02975117228925228,
    0.029846055433154106,
    0.02986513078212738,
    0.02979588508605957,
    0.029670948162674904,
    0.029548898339271545,
    0.029484866186976433,
    0.02950724959373474,
    0.029612630605697632,
    0.029760370030999184,
    0.02990141324698925,
    0.029992273077368736,
    0.030007151886820793,
    0.02994859404861927,
    0.029842177405953407,
    0.029719412326812744,
    0.029613932594656944
  ]
}