{
  "dataset": "syn-trend_only-0.1",
  "model": "kan",
  "mse": 605.4942369690605,
  "params": {
    "epochs": 100,
    "grid": 5,
    "hidden": [
      2
    ],
    "k": 3,
    "lamb_entropy": 0.01,
    "lamb_l1": 0.0,
    "lr": 0.001,
    "opt": "Adam"
  },
  "tr_losses": [
    0.7649710179233263,
    0.7417035021853015,
    0.7206060447636969,
    0.6463921100344538,
    0.6023559582345178,
    0.22722681586883975,
    0.1314323574203769,
    0.09668122240236662,
    0.07406985670372655,
    0.04482526600815454
  ],
  "val_losses": [
    1.6069602602475335,
    1.5313361803833214,
    1.4944735684572772,
    1.45581172642373,
    1.4257546204355902,
    1.4564582006484414,
    1.1235905696462558,
    0.5151581340855542,
    0.13384600341279285,
    4.234852612149715
  ]
}