{
  "dataset": "syn-season_only-0.2",
  "model": "kan",
  "mse": 0.15224604706194758,
  "params": {
    "epochs": 100,
    "grid": 5,
    "hidden": [
      10
    ],
    "k": 3,
    "lamb_entropy": 0.01,
    "lamb_l1": 0.01,
    "lr": 0.01,
    "opt": "Adam"
  },
  "tr_losses": [
    0.8158960630310699,
    0.7217658492947657,
    0.6320303442840214,
    0.5425065800060114,
    0.4532490781435488,
    0.36837472110918984,
    0.29126970608091673,
    0.22333770172906667,
    0.16538953016571595,
    0.12257946955933532,
    0.10339524766016209,
    0.09945714681945116,
    0.09573822211008427,
    0.09463272708658253,
    0.09217770718905653,
    0.09197391488143472,
    0.09058120072428541,
    0.09041629707722443,
    0.08944423506993825,
    0.08916114757541367,
    0.08832378963558792,
    0.08805051369519509,
    0.08744672961572238,
    0.08712131415933055,
    0.08673395296211386,
    0.0863363185406652,
    0.08603136861832184,
    0.08556926498887232,
    0.08539362498402803,
    0.08496265814066603,
    0.08473140322950601,
    0.08431166028935848,
    0.08414430653078293,
    0.08373460842268625,
    0.08365756239100604,
    0.08324998668938319,
    0.08322839059372454,
    0.08276754120932348,
    0.08285137232473942,
    0.08231068838758819,
    0.08241366069428414,
    0.0818567834890809,
    0.08206270821169469,
    0.08139939534608538,
    0.0816607644025893,
    0.08093231758234533,
    0.0813831252936848,
    0.08051634414160172,
    0.08107598693732859,
    0.08007124543022498,
    0.08078756418990561,
    0.07964769702135095,
    0.08051821248216355,
    0.07923464840362016,
    0.08020896354469878,
    0.07890738788234122,
    0.07991249063487783,
    0.07856491629702424,
    0.07966326706063014,
    0.07831212743602821,
    0.07941738228355434,
    0.07809279615870718,
    0.07915841171189537,
    0.07779639567333396,
    0.07888732274520738,
    0.0775399151997582,
    0.07868031629239086,
    0.07725227437290198,
    0.07840940945515958,
    0.07699531506340715
  ],
  "val_losses": [
    0.8121085440314992,
    0.7193753704868926,
    0.6314260568314763,
    0.5439111509276011,
    0.45700264069231816,
    0.3749132743235954,
    0.30052972440627806,
    0.23328781758085704,
    0.1784897478909014,
    0.1414984423098892,
    0.13300036258277206,
    0.14508610226424046,
    0.12701634631839984,
    0.14400755955144998,
    0.12345350740470944,
    0.14182032412936804,
    0.12095563970325285,
    0.1402842003722238,
    0.11982635040460919,
    0.13876372968130452,
    0.11921121130678758,
    0.1374686716571726,
    0.11809887990513697,
    0.13623369609695876,
    0.11699963446548506,
    0.13504246333181644,
    0.11618619524350743,
    0.13321167754848004,
    0.11535685327222302,
    0.1326180764296819,
    0.11502891568852708,
    0.1310152408879686,
    0.11409369891784459,
    0.1295081442904412,
    0.11357109638327277,
    0.12844327232675348,
    0.11314681968775477,
    0.12795625885940923,
    0.11297560557039776,
    0.12721483309287365,
    0.11254980723767934,
    0.12649761802388862,
    0.11235126574898792,
    0.126445853457491,
    0.11241546922204952,
    0.12615389354101605,
    0.11211905916611542,
    0.1257506497298662,
    0.11204848596380441,
    0.12533556503075866,
    0.11209276741903622,
    0.1250675195444827,
    0.11199939421818965,
    0.1245846472103614,
    0.11183198886470071,
    0.12448323286925465,
    0.11205092851930326,
    0.12388954731818828,
    0.11156857600715957,
    0.12350894351905221,
    0.11138775888026213,
    0.12313817849472088,
    0.1112142465032081,
    0.12294888482049537,
    0.11079009342572449,
    0.12253555273504964,
    0.11056733113264779,
    0.122355892174915,
    0.11079795439351554,
    0.12248824285142575
  ]
}