{
  "dataset": "syn-season_only-0.0",
  "model": "lstm",
  "mse": 0.08946208126654426,
  "params": {
    "dropout": 0.1,
    "epochs": 100,
    "hidden_size": 32,
    "lr": 0.001,
    "num_layers": 1
  },
  "tr_losses": [
    1.0110080242156982,
    1.006990671157837,
    1.0030258893966675,
    0.999104380607605,
    0.9952179789543152,
    0.9913595914840698,
    0.9875227212905884,
    0.9837003350257874,
    0.9798842668533325,
    0.976065993309021,
    0.972236156463623,
    0.9683845043182373,
    0.9645006656646729,
    0.9605734348297119,
    0.9565911293029785,
    0.9525421857833862,
    0.9484145641326904,
    0.9441957473754883,
    0.939873218536377,
    0.9354333281517029,
    0.9308622479438782,
    0.9261448979377747,
    0.9212661385536194,
    0.9162095189094543,
    0.9109581708908081,
    0.9054939150810242,
    0.8997974991798401,
    0.8938490748405457,
    0.8876264095306396,
    0.8811063170433044,
    0.8742635250091553,
    0.8670698404312134,
    0.859495222568512,
    0.8515060544013977,
    0.8430654406547546,
    0.8341331481933594,
    0.8246649503707886,
    0.814612090587616,
    0.8039214611053467,
    0.7925342321395874,
    0.7803865075111389,
    0.7674078345298767,
    0.7535212635993958,
    0.7386435866355896,
    0.7226846218109131,
    0.7055485248565674,
    0.6871347427368164,
    0.6673389673233032,
    0.6460571885108948,
    0.6231882572174072,
    0.5986397862434387,
    0.5723339319229126,
    0.544216513633728,
    0.5142662525177002,
    0.4825066328048706,
    0.4490192234516144,
    0.41395682096481323,
    0.3775569498538971,
    0.34015265107154846,
    0.3021785616874695,
    0.2641700506210327,
    0.2267528474330902,
    0.1906210482120514,
    0.1565026491880417,
    0.12511448562145233,
    0.09710952639579773,
    0.07302113622426987,
    0.053210556507110596,
    0.03782275319099426,
    0.026757800951600075,
    0.01966407336294651,
    0.015963202342391014,
    0.014913755469024181,
    0.015705853700637817,
    0.01756160333752632,
    0.019811192527413368,
    0.021931031718850136,
    0.02355056442320347,
    0.02444312907755375,
    0.024511953815817833,
    0.0237730760127306,
    0.02233276143670082
  ],
  "val_losses": [
    0.9793058037757874,
    0.9756293892860413,
    0.9719783663749695,
    0.9683513641357422,
    0.9647449851036072,
    0.9611538052558899,
    0.9575710296630859,
    0.9539883136749268,
    0.9503974914550781,
    0.9467897415161133,
    0.9431557655334473,
    0.939486026763916,
    0.9357702136039734,
    0.9319973587989807,
    0.9281557202339172,
    0.9242327213287354,
    0.9202157855033875,
    0.9160915017127991,
    0.9118464589118958,
    0.9074662327766418,
    0.9029362797737122,
    0.898240864276886,
    0.8933640122413635,
    0.8882884383201599,
    0.8829960823059082,
    0.877467930316925,
    0.8716837763786316,
    0.8656220436096191,
    0.8592597842216492,
    0.852571964263916,
    0.845532238483429,
    0.8381116390228271,
    0.8302783966064453,
    0.8219972252845764,
    0.8132291436195374,
    0.8039312362670898,
    0.7940559387207031,
    0.7835511565208435,
    0.7723596096038818,
    0.7604184150695801,
    0.7476592063903809,
    0.7340070605278015,
    0.719380795955658,
    0.7036933898925781,
    0.6868517994880676,
    0.6687585711479187,
    0.6493131518363953,
    0.6284147500991821,
    0.6059660315513611,
    0.5818780064582825,
    0.5560765862464905,
    0.5285108089447021,
    0.49916255474090576,
    0.46805819869041443,
    0.4352814853191376,
    0.40098699927330017,
    0.36541280150413513,
    0.32889091968536377,
    0.2918531596660614,
    0.25482943654060364,
    0.21843747794628143,
    0.18335968255996704,
    0.15030857920646667,
    0.11998158693313599,
    0.09300839900970459,
    0.06989672034978867,
    0.05098184943199158,
    0.036385100334882736,
    0.025988085195422173,
    0.019428430125117302,
    0.016126573085784912,
    0.01535002887248993,
    0.016306905075907707,
    0.018243344500660896,
    0.02051527239382267,
    0.02262207865715027,
    0.024210309609770775,
    0.02506360411643982,
    0.025089768692851067,
    0.02430594526231289,
    0.02281828783452511,
    0.020794585347175598
  ]
}