{
  "dataset": "syn-trend_season-0.1",
  "model": "mlp",
  "mse": 920.2232124534446,
  "params": {
    "epochs": 100,
    "hidden": [
      64,
      64
    ],
    "lr": 0.0001
  },
  "tr_losses": [
    0.93572998046875,
    0.9300485253334045,
    0.9244033694267273,
    0.9187883138656616,
    0.9131979942321777,
    0.9076382517814636,
    0.9021106958389282,
    0.8966156244277954,
    0.8911587595939636,
    0.8857471346855164,
    0.8803822994232178,
    0.8750612139701843,
    0.8697848916053772,
    0.8645498156547546,
    0.8593583106994629,
    0.854209303855896,
    0.8491001129150391,
    0.8440337181091309,
    0.8390049338340759,
    0.8340240716934204,
    0.8290925621986389,
    0.8242081999778748,
    0.8193659782409668,
    0.8145613670349121,
    0.8097988963127136,
    0.8050747513771057,
    0.8003894090652466,
    0.795747697353363,
    0.7911447882652283,
    0.7865711450576782,
    0.7820290327072144,
    0.7775184512138367,
    0.7730403542518616,
    0.7685927152633667,
    0.7641710042953491,
    0.7597819566726685,
    0.755419909954071,
    0.7510806322097778,
    0.746764063835144,
    0.7424739599227905,
    0.7382079362869263,
    0.7339581847190857,
    0.7297276854515076,
    0.7255117297172546,
    0.7213069796562195,
    0.7171138525009155,
    0.712929904460907,
    0.7087551951408386,
    0.7045863270759583,
    0.70042484998703,
    0.696268618106842,
    0.6921176910400391,
    0.6879701614379883,
    0.6838271021842957,
    0.6796879172325134,
    0.6755537986755371,
    0.6714224219322205,
    0.6672940850257874,
    0.6631700992584229,
    0.6590541005134583,
    0.6549451351165771,
    0.650842547416687,
    0.6467474699020386,
    0.6426604390144348,
    0.6385830044746399,
    0.6345142722129822,
    0.6304608583450317,
    0.6264272332191467,
    0.6224096417427063,
    0.6184077262878418,
    0.6144195795059204,
    0.6104393601417542,
    0.606468141078949,
    0.6025062799453735,
    0.5985579490661621,
    0.594614565372467,
    0.590673565864563,
    0.5867348313331604,
    0.582802951335907,
    0.578879177570343,
    0.5749620199203491,
    0.5710494518280029,
    0.5671422481536865,
    0.563237726688385,
    0.5593369603157043,
    0.5554372668266296,
    0.551537811756134,
    0.5476387143135071,
    0.5437381863594055,
    0.5398369431495667,
    0.5359364151954651,
    0.5320367813110352,
    0.528136134147644,
    0.5242348909378052,
    0.5203348994255066,
    0.5164383053779602,
    0.5125453472137451,
    0.5086544752120972,
    0.5047641396522522,
    0.5008770823478699
  ],
  "val_losses": [
    1.275902271270752,
    1.2711015939712524,
    1.2662781476974487,
    1.261414647102356,
    1.256518840789795,
    1.2516120672225952,
    1.2466994524002075,
    1.2417820692062378,
    1.2368649244308472,
    1.2319532632827759,
    1.2270532846450806,
    1.2221672534942627,
    1.2172952890396118,
    1.212437391281128,
    1.207588791847229,
    1.2027558088302612,
    1.1979331970214844,
    1.1931203603744507,
    1.1883162260055542,
    1.1835163831710815,
    1.1787176132202148,
    1.1739119291305542,
    1.1691014766693115,
    1.1642951965332031,
    1.1594833135604858,
    1.1546663045883179,
    1.1498408317565918,
    1.1448320150375366,
    1.1397439241409302,
    1.1345980167388916,
    1.1293901205062866,
    1.1241440773010254,
    1.11885404586792,
    1.1135200262069702,
    1.108155608177185,
    1.1027507781982422,
    1.0973206758499146,
    1.09186589717865,
    1.0863655805587769,
    1.080832600593567,
    1.0752731561660767,
    1.069689154624939,
    1.0640825033187866,
    1.0584572553634644,
    1.052815318107605,
    1.0471632480621338,
    1.0414974689483643,
    1.0358214378356934,
    1.0301319360733032,
    1.0244313478469849,
    1.0187236070632935,
    1.0130106210708618,
    1.007287859916687,
    1.001557469367981,
    0.995817244052887,
    0.9900686144828796,
    0.9843130111694336,
    0.9785496592521667,
    0.9727797508239746,
    0.9670023918151855,
    0.9612205028533936,
    0.9554354548454285,
    0.9496490955352783,
    0.9438589215278625,
    0.9380642771720886,
    0.9322656989097595,
    0.9264638423919678,
    0.9206588864326477,
    0.9148523211479187,
    0.9090424180030823,
    0.9032304883003235,
    0.8974172472953796,
    0.8916032314300537,
    0.8857889771461487,
    0.8799775242805481,
    0.8741669654846191,
    0.868356466293335,
    0.8625462651252747,
    0.8567377924919128,
    0.8509321212768555,
    0.8451326489448547,
    0.8393409848213196,
    0.8335539698600769,
    0.8277705311775208,
    0.8220180869102478,
    0.8163266777992249,
    0.8107016086578369,
    0.8051378726959229,
    0.7996161580085754,
    0.7941210865974426,
    0.7886831760406494,
    0.7832782864570618,
    0.7779059410095215,
    0.7725593447685242,
    0.7672333717346191,
    0.7619314789772034,
    0.7566471099853516,
    0.7513787150382996,
    0.746123731136322,
    0.7408851981163025
  ]
}