{
  "dataset": "syn-trend_season-0.1",
  "model": "lstm",
  "mse": 539.6801462214883,
  "params": {
    "dropout": 0.0,
    "epochs": 100,
    "hidden_size": 64,
    "lr": 0.0001,
    "num_layers": 1
  },
  "tr_losses": [
    0.7708132266998291,
    0.7692466378211975,
    0.767684817314148,
    0.76612788438797,
    0.7645756006240845,
    0.7630283832550049,
    0.7614855766296387,
    0.7599474787712097,
    0.7584139704704285,
    0.7568849921226501,
    0.7553605437278748,
    0.7538403868675232,
    0.752324640750885,
    0.7508131265640259,
    0.7493056058883667,
    0.7478021383285522,
    0.7463026642799377,
    0.7448068857192993,
    0.7433146834373474,
    0.7418261170387268,
    0.7403408885002136,
    0.7388588190078735,
    0.7373798489570618,
    0.7359036803245544,
    0.734430193901062,
    0.7329592108726501,
    0.7314906716346741,
    0.7300240993499756,
    0.7285595536231995,
    0.7270968556404114,
    0.7256355285644531,
    0.724175751209259,
    0.7227169871330261,
    0.7212591171264648,
    0.71980220079422,
    0.718345582485199,
    0.7168893814086914,
    0.7154331207275391,
    0.7139768600463867,
    0.7125202417373657,
    0.7110629081726074,
    0.709604799747467,
    0.7081456184387207,
    0.7066852450370789,
    0.7052232027053833,
    0.703759491443634,
    0.7022938132286072,
    0.7008257508277893,
    0.6993553638458252,
    0.6978821754455566,
    0.6964060068130493,
    0.6949266195297241,
    0.693443775177002,
    0.6919571757316589,
    0.6904666423797607,
    0.6889718174934387,
    0.6874725222587585,
    0.6859685182571411,
    0.6844594478607178,
    0.6829449534416199,
    0.6814249753952026,
    0.6798991560935974,
    0.6783671975135803,
    0.6768286824226379,
    0.6752834916114807,
    0.6737313866615295,
    0.672171950340271,
    0.6706048250198364,
    0.6690297722816467,
    0.6674466133117676,
    0.665854811668396,
    0.6642541289329529,
    0.6626442670822144,
    0.661024808883667,
    0.6593953967094421,
    0.6577558517456055,
    0.656105637550354,
    0.6544445157051086,
    0.6527719497680664,
    0.6510877013206482,
    0.6493912935256958,
    0.6476823091506958,
    0.6459605097770691,
    0.6442252993583679,
    0.6424762606620789,
    0.6407129764556885,
    0.6389350295066833,
    0.6371419429779053,
    0.635333240032196,
    0.6335083246231079,
    0.631666898727417,
    0.629808247089386,
    0.6279320120811462,
    0.6260375380516052,
    0.62412428855896,
    0.6221916675567627,
    0.6202391982078552,
    0.6182661056518555,
    0.6162718534469604,
    0.6142558455467224
  ],
  "val_losses": [
    1.6725066900253296,
    1.6722215414047241,
    1.6719350814819336,
    1.671647071838379,
    1.6713571548461914,
    1.6710662841796875,
    1.6707744598388672,
    1.6704820394515991,
    1.670189380645752,
    1.6698964834213257,
    1.6696033477783203,
    1.669310212135315,
    1.6690176725387573,
    1.6687253713607788,
    1.6684340238571167,
    1.668143630027771,
    1.6678541898727417,
    1.6675666570663452,
    1.667279839515686,
    1.6669951677322388,
    1.6667119264602661,
    1.6664308309555054,
    1.6661510467529297,
    1.665873646736145,
    1.665597915649414,
    1.6653245687484741,
    1.6650525331497192,
    1.664783000946045,
    1.6645153760910034,
    1.6642495393753052,
    1.6639858484268188,
    1.6637239456176758,
    1.6634639501571655,
    1.6632057428359985,
    1.662949562072754,
    1.6626949310302734,
    1.6624423265457153,
    1.6621917486190796,
    1.661942481994629,
    1.661695122718811,
    1.6614494323730469,
    1.6612056493759155,
    1.6609634160995483,
    1.6607227325439453,
    1.660483717918396,
    1.6602462530136108,
    1.6600104570388794,
    1.6597760915756226,
    1.6595433950424194,
    1.6593118906021118,
    1.659082055091858,
    1.6588534116744995,
    1.6586261987686157,
    1.6584001779556274,
    1.6581754684448242,
    1.6579519510269165,
    1.6577295064926147,
    1.6575080156326294,
    1.65728759765625,
    1.6570682525634766,
    1.6568495035171509,
    1.6566319465637207,
    1.6564149856567383,
    1.656198501586914,
    1.6559829711914062,
    1.655767798423767,
    1.6555532217025757,
    1.655339241027832,
    1.6551254987716675,
    1.6549121141433716,
    1.6546989679336548,
    1.6544861793518066,
    1.6542733907699585,
    1.6540607213974,
    1.6538480520248413,
    1.6536355018615723,
    1.6534228324890137,
    1.6532098054885864,
    1.6529968976974487,
    1.6527833938598633,
    1.6525698900222778,
    1.6523557901382446,
    1.6521415710449219,
    1.6519266366958618,
    1.651711344718933,
    1.651495337486267,
    1.6512788534164429,
    1.6510615348815918,
    1.650843620300293,
    1.6506248712539673,
    1.6504052877426147,
    1.650184988975525,
    1.6499637365341187,
    1.649741530418396,
    1.6495181322097778,
    1.6492938995361328,
    1.6490684747695923,
    1.6488418579101562,
    1.6486142873764038,
    1.6483850479125977
  ]
}