{
  "dataset": "syn-season_only-0.0",
  "model": "lstm",
  "mse": 0.0898539037936801,
  "params": {
    "dropout": 0.0,
    "epochs": 100,
    "hidden_size": 64,
    "lr": 0.001,
    "num_layers": 1
  },
  "tr_losses": [
    0.997276782989502,
    0.9922634363174438,
    0.9873103499412537,
    0.9823945164680481,
    0.9774929285049438,
    0.9725802540779114,
    0.9676313996315002,
    0.9626207947731018,
    0.9575215578079224,
    0.9523053169250488,
    0.9469411969184875,
    0.9413959980010986,
    0.9356332421302795,
    0.929612398147583,
    0.9232900738716125,
    0.9166175723075867,
    0.9095420241355896,
    0.9020041823387146,
    0.8939388394355774,
    0.8852721452713013,
    0.8759198784828186,
    0.8657864928245544,
    0.8547617197036743,
    0.8427183628082275,
    0.8295097351074219,
    0.8149660229682922,
    0.7988907694816589,
    0.7810581922531128,
    0.7612093687057495,
    0.7390506267547607,
    0.714253306388855,
    0.6864566802978516,
    0.6552768349647522,
    0.620323121547699,
    0.5812281370162964,
    0.537695586681366,
    0.4895731508731842,
    0.4369553029537201,
    0.38031837344169617,
    0.3206859827041626,
    0.25980570912361145,
    0.2002871334552765,
    0.14560995995998383,
    0.09986801445484161,
    0.06706070154905319,
    0.04972557723522186,
    0.04709402099251747,
    0.05427335947751999,
    0.06434759497642517,
    0.07184609770774841,
    0.07419843226671219,
    0.07110004872083664,
    0.06348702311515808,
    0.05286971479654312,
    0.040956996381282806,
    0.02939492091536522,
    0.019549818709492683,
    0.012327970936894417,
    0.008052725344896317,
    0.006454808171838522,
    0.006824160926043987,
    0.008295520208775997,
    0.010125389322638512,
    0.011811086907982826,
    0.01305833924561739,
    0.013705394230782986,
    0.013680147007107735,
    0.012997920624911785,
    0.011769719421863556
  ],
  "val_losses": [
    0.9692792296409607,
    0.9645212292671204,
    0.9598159790039062,
    0.9551118016242981,
    0.9503677487373352,
    0.945549488067627,
    0.9406329989433289,
    0.9356019496917725,
    0.9304377436637878,
    0.9251165986061096,
    0.9196102619171143,
    0.9138863682746887,
    0.9079091548919678,
    0.9016383290290833,
    0.8950294852256775,
    0.888033390045166,
    0.8805949091911316,
    0.8726518750190735,
    0.8641341328620911,
    0.8549606204032898,
    0.8450381755828857,
    0.8342587351799011,
    0.822497546672821,
    0.8096101880073547,
    0.7954300045967102,
    0.7797645926475525,
    0.7623929381370544,
    0.7430618405342102,
    0.7214846611022949,
    0.6973392963409424,
    0.670272171497345,
    0.6399059891700745,
    0.605857253074646,
    0.567765474319458,
    0.5253407955169678,
    0.4784362316131592,
    0.4271489083766937,
    0.3719521462917328,
    0.31385380029678345,
    0.25456586480140686,
    0.19663982093334198,
    0.14347369968891144,
    0.09905605763196945,
    0.06726721674203873,
    0.05054160952568054,
    0.0480794794857502,
    0.055083200335502625,
    0.06483587622642517,
    0.07206445187330246,
    0.07429976761341095,
    0.07122757285833359,
    0.0637095496058464,
    0.05317465588450432,
    0.041282009333372116,
    0.02967143803834915,
    0.019737493246793747,
    0.01242830976843834,
    0.00809965655207634,
    0.006490696221590042,
    0.006876058876514435,
    0.008364074863493443,
    0.010189450345933437,
    0.011840666644275188,
    0.013026625849306583,
    0.013595658354461193,
    0.013488028198480606,
    0.012730930931866169,
    0.011445282958447933,
    0.009834405966103077
  ]
}