{
  "dataset": "syn-season_only-0.05",
  "model": "mlp",
  "mse": 0.08963998976313148,
  "params": {
    "epochs": 100,
    "hidden": [
      64,
      64
    ],
    "lr": 0.001
  },
  "tr_losses": [
    0.952743411064148,
    0.9025847315788269,
    0.8537808060646057,
    0.8069812059402466,
    0.7619327902793884,
    0.7181388735771179,
    0.6753219366073608,
    0.6334072947502136,
    0.592271089553833,
    0.5517714619636536,
    0.5117476582527161,
    0.47233080863952637,
    0.43368491530418396,
    0.3957623541355133,
    0.35853859782218933,
    0.32224270701408386,
    0.28704625368118286,
    0.25313109159469604,
    0.22070421278476715,
    0.1899634152650833,
    0.16113118827342987,
    0.1344328671693802,
    0.11008613556623459,
    0.0882788822054863,
    0.06919139623641968,
    0.053006596863269806,
    0.03981829062104225,
    0.02963409200310707,
    0.022354405373334885,
    0.017786836251616478,
    0.015630589798092842,
    0.015461644157767296,
    0.016766630113124847,
    0.018991045653820038,
    0.02158372476696968,
    0.02403360977768898,
    0.025947576388716698,
    0.02707899734377861,
    0.02733117714524269,
    0.0267269816249609,
    0.02539069578051567
  ],
  "val_losses": [
    0.8837323188781738,
    0.8352818489074707,
    0.7889490127563477,
    0.7443668246269226,
    0.7009522914886475,
    0.6587749719619751,
    0.6175904273986816,
    0.5771276950836182,
    0.537190854549408,
    0.4978064298629761,
    0.4591125249862671,
    0.4213496148586273,
    0.3842596709728241,
    0.3477911055088043,
    0.3123481571674347,
    0.2780439853668213,
    0.24504776298999786,
    0.2135487049818039,
    0.18380361795425415,
    0.15592344105243683,
    0.1300918459892273,
    0.10657477378845215,
    0.08555292338132858,
    0.0671573355793953,
    0.051555734127759933,
    0.03887538984417915,
    0.029060831293463707,
    0.022025935351848602,
    0.017571955919265747,
    0.015412610955536366,
    0.015132032334804535,
    0.01623731292784214,
    0.01820371486246586,
    0.02053254470229149,
    0.02275179512798786,
    0.024473214522004128,
    0.025492051616311073,
    0.02571236900985241,
    0.025157833471894264,
    0.023942457512021065,
    0.02223745919764042
  ]
}