{
  "dataset": "syn-trend_only-0.1",
  "model": "lstm",
  "mse": 539.6640511594042,
  "params": {
    "dropout": 0.0,
    "epochs": 100,
    "hidden_size": 64,
    "lr": 0.0001,
    "num_layers": 1
  },
  "tr_losses": [
    0.7699300050735474,
    0.7683591842651367,
    0.7667930722236633,
    0.7652319073677063,
    0.7636755108833313,
    0.7621237635612488,
    0.7605768442153931,
    0.7590344548225403,
    0.7574968338012695,
    0.7559636831283569,
    0.7544348835945129,
    0.7529106736183167,
    0.7513905167579651,
    0.7498748898506165,
    0.7483632564544678,
    0.746855616569519,
    0.745352029800415,
    0.7438520789146423,
    0.7423558235168457,
    0.740863025188446,
    0.7393736839294434,
    0.7378875613212585,
    0.7364043593406677,
    0.7349240779876709,
    0.7334464192390442,
    0.7319713830947876,
    0.7304986715316772,
    0.7290281057357788,
    0.7275593876838684,
    0.726092517375946,
    0.7246270775794983,
    0.7231631875038147,
    0.7217002511024475,
    0.7202383875846863,
    0.7187771797180176,
    0.7173165082931519,
    0.7158560156822205,
    0.7143957614898682,
    0.7129353284835815,
    0.7114744782447815,
    0.7100130319595337,
    0.708550751209259,
    0.7070873379707336,
    0.7056227922439575,
    0.7041565179824829,
    0.7026885747909546,
    0.7012187242507935,
    0.6997464895248413,
    0.6982718706130981,
    0.6967942714691162,
    0.6953138709068298,
    0.6938302516937256,
    0.6923431158065796,
    0.6908522248268127,
    0.6893572807312012,
    0.6878581643104553,
    0.686354398727417,
    0.6848459243774414,
    0.6833323836326599,
    0.6818134784698486,
    0.6802889704704285,
    0.6787586212158203,
    0.6772220730781555,
    0.675679087638855,
    0.6741293668746948,
    0.6725725531578064,
    0.6710084080696106,
    0.6694366335868835,
    0.6678569316864014,
    0.6662688255310059,
    0.664672315120697,
    0.6630667448043823,
    0.6614519953727722,
    0.6598276495933533,
    0.6581932902336121,
    0.6565487384796143,
    0.6548934578895569,
    0.6532271504402161,
    0.6515495181083679,
    0.6498600244522095,
    0.6481584310531616,
    0.6464441418647766,
    0.6447169780731201,
    0.6429763436317444,
    0.6412218809127808,
    0.6394530534744263,
    0.6376696228981018,
    0.6358708739280701,
    0.6340564489364624,
    0.6322258114814758,
    0.6303784847259521,
    0.6285140514373779,
    0.6266317367553711,
    0.6247312426567078,
    0.6228118538856506,
    0.6208730936050415,
    0.6189142465591431,
    0.6169348359107971,
    0.6149342060089111,
    0.6129116415977478
  ],
  "val_losses": [
    1.6790498495101929,
    1.6787608861923218,
    1.6784706115722656,
    1.6781784296035767,
    1.6778846979141235,
    1.677589774131775,
    1.677294135093689,
    1.6769977807998657,
    1.6767011880874634,
    1.6764044761657715,
    1.6761075258255005,
    1.675810694694519,
    1.6755138635635376,
    1.675217628479004,
    1.6749223470687866,
    1.6746277809143066,
    1.6743344068527222,
    1.6740423440933228,
    1.673751711845398,
    1.6734623908996582,
    1.6731752157211304,
    1.6728893518447876,
    1.6726055145263672,
    1.6723238229751587,
    1.672043800354004,
    1.671765923500061,
    1.6714898347854614,
    1.6712158918380737,
    1.6709438562393188,
    1.6706738471984863,
    1.6704058647155762,
    1.6701397895812988,
    1.6698755025863647,
    1.669613242149353,
    1.669352650642395,
    1.6690940856933594,
    1.6688371896743774,
    1.6685823202133179,
    1.668329119682312,
    1.6680774688720703,
    1.6678279638290405,
    1.667580008506775,
    1.6673336029052734,
    1.6670889854431152,
    1.6668459177017212,
    1.6666046380996704,
    1.6663650274276733,
    1.6661268472671509,
    1.6658903360366821,
    1.665655255317688,
    1.6654218435287476,
    1.6651893854141235,
    1.6649588346481323,
    1.6647292375564575,
    1.6645011901855469,
    1.6642740964889526,
    1.6640483140945435,
    1.6638234853744507,
    1.6635998487472534,
    1.6633769273757935,
    1.663155198097229,
    1.6629343032836914,
    1.6627140045166016,
    1.6624943017959595,
    1.6622756719589233,
    1.6620572805404663,
    1.661839485168457,
    1.6616220474243164,
    1.661405086517334,
    1.6611884832382202,
    1.6609721183776855,
    1.66075599193573,
    1.660539984703064,
    1.660323977470398,
    1.660107970237732,
    1.6598920822143555,
    1.6596760749816895,
    1.6594599485397339,
    1.6592435836791992,
    1.6590267419815063,
    1.658810019493103,
    1.6585925817489624,
    1.6583747863769531,
    1.658156394958496,
    1.6579376459121704,
    1.6577181816101074,
    1.6574983596801758,
    1.6572775840759277,
    1.657056212425232,
    1.6568340063095093,
    1.6566109657287598,
    1.6563869714736938,
    1.6561622619628906,
    1.655936360359192,
    1.6557093858718872,
    1.6554816961288452,
    1.655252456665039,
    1.6550222635269165,
    1.6547905206680298,
    1.6545578241348267
  ]
}