{
  "dataset": "syn-trend_only-0.05",
  "model": "kan",
  "mse": 558.0150281938761,
  "params": {
    "epochs": 100,
    "grid": 5,
    "hidden": [
      2
    ],
    "k": 3,
    "lamb_entropy": 0.01,
    "lamb_l1": 0.01,
    "lr": 0.001,
    "opt": "Adam"
  },
  "tr_losses": [
    0.7650184818694479,
    0.7417806808094088,
    0.7220136197829011,
    0.699569464329613,
    0.6592362340936744,
    0.6250064820731878,
    0.21861837880055912,
    0.29480260493219196,
    0.03224611339478579,
    0.015278990697184892
  ],
  "val_losses": [
    1.6051303371092593,
    1.5309778618009837,
    1.4921301925261226,
    1.4632985442937552,
    1.4440333577468065,
    1.3507458245434893,
    1.3640905421337954,
    2.03557200913287,
    5.431328027531454,
    2.005784042668191
  ]
}