{
  "dataset": "syn-trend_season-0.05",
  "model": "kan",
  "mse": 640.6123789015262,
  "params": {
    "epochs": 100,
    "grid": 10,
    "hidden": [
      2
    ],
    "k": 3,
    "lamb_entropy": 0.0,
    "lamb_l1": 0.01,
    "lr": 0.001,
    "opt": "Adam"
  },
  "tr_losses": [
    0.7304042380307779,
    0.7097350511182777,
    0.6899421749207907,
    0.66998427372349,
    0.6427939010118374,
    0.6177390074724666,
    0.5970923251761073,
    0.5760637633856444,
    0.10481440718335464,
    0.08158123228869292
  ],
  "val_losses": [
    1.4326514000006936,
    1.400480057814476,
    1.3476756717668472,
    1.2651711718025898,
    1.1998685392294692,
    1.316336379814709,
    1.2437240150557027,
    1.1211736965279486,
    1.1854096992187035,
    1.0431811469958647
  ]
}