{
  "dataset": "syn-season_only-0.05",
  "model": "lstm",
  "mse": 0.09345801561159427,
  "params": {
    "dropout": 0.1,
    "epochs": 100,
    "hidden_size": 32,
    "lr": 0.001,
    "num_layers": 1
  },
  "tr_losses": [
    1.0100359916687012,
    1.0060383081436157,
    1.0020933151245117,
    0.9981917142868042,
    0.9943250417709351,
    0.9904869198799133,
    0.9866705536842346,
    0.9828689098358154,
    0.9790741801261902,
    0.9752776622772217,
    0.9714699387550354,
    0.9676410555839539,
    0.9637802839279175,
    0.9598764777183533,
    0.9559180736541748,
    0.9518933296203613,
    0.9477905631065369,
    0.9435973167419434,
    0.939300537109375,
    0.9348871111869812,
    0.9303432106971741,
    0.9256538152694702,
    0.9208037257194519,
    0.9157766103744507,
    0.9105554819107056,
    0.9051223397254944,
    0.8994583487510681,
    0.8935429453849792,
    0.8873547315597534,
    0.8808704018592834,
    0.8740644454956055,
    0.8669094443321228,
    0.859375,
    0.8514280319213867,
    0.8430314660072327,
    0.8341454267501831,
    0.8247257471084595,
    0.8147239089012146,
    0.8040869235992432,
    0.7927563786506653,
    0.7806684374809265,
    0.7677529454231262,
    0.7539334297180176,
    0.7391268610954285,
    0.7232433557510376,
    0.7061876058578491,
    0.6878589391708374,
    0.6681540012359619,
    0.6469688415527344,
    0.6242027282714844,
    0.5997633337974548,
    0.5735734701156616,
    0.5455787181854248,
    0.5157580971717834,
    0.48413535952568054,
    0.45079198479652405,
    0.41588109731674194,
    0.3796403706073761,
    0.34240326285362244,
    0.3046049475669861,
    0.26678183674812317,
    0.2295609563589096,
    0.19363783299922943,
    0.1597418487071991,
    0.12859074771404266,
    0.10083707422018051,
    0.07701195031404495,
    0.05747178569436073,
    0.04235408082604408,
    0.03154877573251724,
    0.02469249814748764,
    0.02119527757167816,
    0.020306067541241646,
    0.021209005266427994,
    0.02312450483441353,
    0.02538558468222618,
    0.027475759387016296,
    0.0290348120033741,
    0.02984810434281826,
    0.029830532148480415,
    0.02900783158838749,
    0.027493175119161606
  ],
  "val_losses": [
    0.9811574816703796,
    0.9774397015571594,
    0.9737535119056702,
    0.9700949788093567,
    0.9664592742919922,
    0.9628408551216125,
    0.9592326283454895,
    0.9556267857551575,
    0.952014684677124,
    0.9483871459960938,
    0.9447347521781921,
    0.9410476088523865,
    0.9373152852058411,
    0.9335267543792725,
    0.929670512676239,
    0.9257341027259827,
    0.9217048287391663,
    0.9175698161125183,
    0.9133151173591614,
    0.908926784992218,
    0.9043900370597839,
    0.8996893763542175,
    0.8948085904121399,
    0.88973069190979,
    0.8844375014305115,
    0.8789102435112,
    0.8731284141540527,
    0.8670706152915955,
    0.8607138991355896,
    0.8540337085723877,
    0.847003698348999,
    0.8395953178405762,
    0.8317769169807434,
    0.8235136866569519,
    0.8147666454315186,
    0.8054930567741394,
    0.7956456542015076,
    0.7851725220680237,
    0.774016797542572,
    0.7621161341667175,
    0.7494022846221924,
    0.7358008027076721,
    0.7212316393852234,
    0.7056075930595398,
    0.6888368129730225,
    0.6708223819732666,
    0.6514647603034973,
    0.6306642293930054,
    0.6083244681358337,
    0.5843576788902283,
    0.5586908459663391,
    0.531274139881134,
    0.5020905137062073,
    0.4711672365665436,
    0.43858852982521057,
    0.4045087397098541,
    0.3691653311252594,
    0.3328886926174164,
    0.2961080074310303,
    0.2593499720096588,
    0.22322775423526764,
    0.18841850757598877,
    0.15562878549098969,
    0.12554961442947388,
    0.09880423545837402,
    0.07589438557624817,
    0.05715001001954079,
    0.04268869757652283,
    0.03239038214087486,
    0.02589387632906437,
    0.022624075412750244,
    0.021855371072888374,
    0.022803425788879395,
    0.02472054772078991,
    0.02696663700044155,
    0.02904316782951355,
    0.030597804114222527,
    0.03141498193144798,
    0.03140303120017052,
    0.03057916648685932,
    0.029049420729279518,
    0.026981741189956665
  ]
}