{
  "dataset": "syn-season_only-0.0",
  "model": "kan",
  "mse": 0.08199439166723288,
  "params": {
    "epochs": 100,
    "grid": 10,
    "hidden": [
      10
    ],
    "k": 3,
    "lamb_entropy": 0.0001,
    "lamb_l1": 0.0,
    "lr": 0.01,
    "opt": "Adam"
  },
  "tr_losses": [
    0.38268663778760703,
    0.0591357828677021,
    0.0020768822115424853,
    0.0005562086883729406,
    0.0012157226184886728,
    0.000662426635057803,
    0.0009191185111706257,
    0.0016813788453104957,
    0.0013254742453048343,
    0.0006869984228836324
  ],
  "val_losses": [
    0.3762705442763911,
    0.060303336130134895,
    0.0020153013641321595,
    0.0005387712512075504,
    0.0012686004624578636,
    0.0006762867744520875,
    0.0009555193870001191,
    0.0017035850564754863,
    0.0013693032157238042,
    0.0007155959938005728
  ]
}