{
  "dataset": "syn-trend_season-0.05",
  "model": "mlp",
  "mse": 1143.888675800852,
  "params": {
    "epochs": 100,
    "hidden": [
      64,
      64
    ],
    "lr": 0.0001
  },
  "tr_losses": [
    0.8060577511787415,
    0.8002777695655823,
    0.7945160865783691,
    0.7887799739837646,
    0.7830774784088135,
    0.7774049639701843,
    0.7717624306678772,
    0.766150712966919,
    0.7605714797973633,
    0.7550384402275085,
    0.7495539784431458,
    0.7441164255142212,
    0.7387309670448303,
    0.7333982586860657,
    0.7281137704849243,
    0.7228773832321167,
    0.7176831364631653,
    0.7125259041786194,
    0.7074055075645447,
    0.7023299932479858,
    0.6973440647125244,
    0.6924455761909485,
    0.6876140236854553,
    0.6828359961509705,
    0.6781092286109924,
    0.6734319925308228,
    0.6687999963760376,
    0.6642058491706848,
    0.6596435904502869,
    0.6551111340522766,
    0.6506105661392212,
    0.646139919757843,
    0.6417033672332764,
    0.6373003721237183,
    0.6329266428947449,
    0.6285796165466309,
    0.6242635250091553,
    0.6199691295623779,
    0.6156949400901794,
    0.6114426851272583,
    0.6072173118591309,
    0.6030158996582031,
    0.59884113073349,
    0.5947020053863525,
    0.590600311756134,
    0.5865239500999451,
    0.5824736952781677,
    0.5784440636634827,
    0.5744344592094421,
    0.5704461336135864,
    0.5664768815040588,
    0.562528133392334,
    0.5586057305335999,
    0.5546971559524536,
    0.5508010387420654,
    0.5469162464141846,
    0.543046772480011,
    0.5391874313354492,
    0.535340428352356,
    0.5315054655075073,
    0.5276809334754944,
    0.5238685607910156,
    0.5200645923614502,
    0.5162698030471802,
    0.51248699426651,
    0.5087167620658875,
    0.5049546360969543,
    0.5011999011039734,
    0.4974536597728729,
    0.493713915348053,
    0.489982932806015,
    0.48626142740249634,
    0.48254725337028503,
    0.4788374602794647,
    0.4751316010951996,
    0.47143131494522095,
    0.46774035692214966,
    0.46405911445617676,
    0.4603878855705261,
    0.45672762393951416,
    0.45307716727256775,
    0.44943928718566895,
    0.4458144009113312,
    0.4422026574611664,
    0.43860170245170593,
    0.4350115656852722,
    0.4314326047897339,
    0.4278619587421417,
    0.42430251836776733,
    0.4207507371902466,
    0.4172036051750183,
    0.4136628210544586,
    0.4101260304450989,
    0.4065929055213928,
    0.4030672311782837,
    0.39954873919487,
    0.39603370428085327,
    0.3925226926803589,
    0.38901400566101074,
    0.38550883531570435
  ],
  "val_losses": [
    1.1140891313552856,
    1.107236385345459,
    1.100399136543274,
    1.0935741662979126,
    1.0868072509765625,
    1.080114483833313,
    1.0734816789627075,
    1.066891074180603,
    1.0603100061416626,
    1.0537539720535278,
    1.0472358465194702,
    1.0407187938690186,
    1.0342369079589844,
    1.0277920961380005,
    1.0213426351547241,
    1.0148762464523315,
    1.0083967447280884,
    1.0019011497497559,
    0.9953870177268982,
    0.9888515472412109,
    0.9822993874549866,
    0.9757316708564758,
    0.9691512584686279,
    0.9625641703605652,
    0.9559639096260071,
    0.9493546485900879,
    0.942744255065918,
    0.9361265301704407,
    0.9294955730438232,
    0.9228579998016357,
    0.9162152409553528,
    0.9095573425292969,
    0.9028916358947754,
    0.8962141871452332,
    0.8895235061645508,
    0.8828168511390686,
    0.8761027455329895,
    0.8693814873695374,
    0.8626549243927002,
    0.8559193015098572,
    0.8491742014884949,
    0.8424193263053894,
    0.8356547951698303,
    0.8288826942443848,
    0.8221023678779602,
    0.8153138756752014,
    0.8085150122642517,
    0.8017066121101379,
    0.7948894500732422,
    0.7880677580833435,
    0.7812404632568359,
    0.7744089961051941,
    0.7675716280937195,
    0.7607274055480957,
    0.7538766860961914,
    0.747022807598114,
    0.7401652336120605,
    0.7333024144172668,
    0.7264347076416016,
    0.7195641398429871,
    0.71269291639328,
    0.7058215141296387,
    0.69894939661026,
    0.6920759677886963,
    0.6852006316184998,
    0.6783230304718018,
    0.6714456677436829,
    0.6645688414573669,
    0.6576939225196838,
    0.650822639465332,
    0.6439542174339294,
    0.6370889544487,
    0.6302273273468018,
    0.6233698725700378,
    0.6165182590484619,
    0.6096735596656799,
    0.6028361320495605,
    0.5960059762001038,
    0.5891849994659424,
    0.5823726058006287,
    0.5755690932273865,
    0.5687752962112427,
    0.5619929432868958,
    0.5552230477333069,
    0.5484715104103088,
    0.5417420268058777,
    0.5350321531295776,
    0.5283423662185669,
    0.5216737389564514,
    0.515021800994873,
    0.5083884596824646,
    0.5017762184143066,
    0.4951864182949066,
    0.4886198937892914,
    0.4820769727230072,
    0.47555792331695557,
    0.46906158328056335,
    0.46259140968322754,
    0.4561474025249481,
    0.44973206520080566
  ]
}