{
  "dataset": "syn-season_only-0.2",
  "model": "kan",
  "mse": 0.13614904566860947,
  "params": {
    "epochs": 100,
    "grid": 10,
    "hidden": [
      10
    ],
    "k": 3,
    "lamb_entropy": 0.0001,
    "lamb_l1": 0.0001,
    "lr": 0.01,
    "opt": "Adam"
  },
  "tr_losses": [
    0.3148791641775181,
    0.08823596448419753,
    0.056918139502601064,
    0.043943591728293846,
    0.035124903514326775,
    0.026396062276938123,
    0.021229143748359505,
    0.017007700353882625,
    0.013545883462433149,
    0.01172197317764707
  ],
  "val_losses": [
    0.326462910466836,
    0.12184827705569151,
    0.10938010976029722,
    0.10571767573217138,
    0.11282607444147202,
    0.11484381597595883,
    0.12465738962567378,
    0.13359697960376518,
    0.13983912539763044,
    0.1491302152354359
  ]
}