{
  "dataset": "syn-season_only-0.05",
  "model": "kan",
  "mse": 0.09072726108590429,
  "params": {
    "epochs": 100,
    "grid": 10,
    "hidden": [
      5,
      5
    ],
    "k": 3,
    "lamb_entropy": 0.01,
    "lamb_l1": 0.01,
    "lr": 0.01,
    "opt": "Adam"
  },
  "tr_losses": [
    0.9822455781521581,
    0.9512523253495256,
    0.9210385306344605,
    0.8912615974353298,
    0.8326825352559354,
    0.8068725949380158,
    0.758681855598828,
    0.7211682527407096,
    0.633506806062808,
    0.6286012132440133,
    0.5345745740503529,
    0.5087644115193212,
    0.49363179828337717,
    0.4221324628336912,
    0.40942895819244574,
    0.3747672308893375,
    0.3523593631715248,
    0.3474077835096523,
    0.3084075272339551,
    0.29816840937649297,
    0.2587539166825925,
    0.2742994567867069,
    0.22027711754087229,
    0.23569328503713308,
    0.1727983453602157,
    0.1887215079794052,
    0.14719197195747125,
    0.15168782089391583,
    0.13443621897204208,
    0.10481295871489744,
    0.1059432024212203,
    0.07940461387298252,
    0.11442170056756032,
    0.054121354842419346,
    0.1411768510312292,
    0.06541414851339666,
    0.07741434664070201,
    0.040722797083436374,
    0.0521229572368492,
    0.04884020575407352,
    0.03627827158124115,
    0.04012671417667515,
    0.018968425995084266,
    0.03908431702216823,
    0.02944543099475191,
    0.06087556815942582,
    0.032802193398754745,
    0.039880023344388844,
    0.031310338753324694,
    0.055059841340216506,
    0.02812419674537048,
    0.05658982589882626,
    0.034014071052219784
  ],
  "val_losses": [
    0.9636160778224933,
    0.9331851955507111,
    0.9006696635820375,
    0.8734311393973117,
    0.8135874818912766,
    0.7911815021330612,
    0.7389362954316465,
    0.7126944751996457,
    0.6210231791470174,
    0.6142019085480072,
    0.5189550870794694,
    0.49393456145263165,
    0.47471333936547583,
    0.40964344685003534,
    0.39031696475839855,
    0.3607172839981945,
    0.33543140682219574,
    0.32747389794771714,
    0.300846441774206,
    0.2814064556931705,
    0.23472974903764346,
    0.24025348353787723,
    0.2189211250459682,
    0.20999930758765648,
    0.15260731277904985,
    0.16319979839392762,
    0.14122771129155984,
    0.1325826427297864,
    0.12975691108329285,
    0.09980684582776711,
    0.10634806493206339,
    0.07657814648970011,
    0.11139753591462476,
    0.06015155760780874,
    0.1505553670010785,
    0.06052503129662804,
    0.08695929447170325,
    0.04060501272280221,
    0.0565618305528053,
    0.06222822369904091,
    0.03600231835065218,
    0.04500928916854405,
    0.01993360574833368,
    0.04281608778642861,
    0.0276404376495146,
    0.05865081796814492,
    0.03489432175201752,
    0.039414930141686254,
    0.035358412830498176,
    0.05377564542907277,
    0.026436128501986334,
    0.07142918006556254,
    0.03339078113359258
  ]
}